date,pct_above_200d,pct_above_50d,advancers,decliners,ad_line,new_highs,new_lows,nh_nl
2025-09-30,0.0,0.0,0,0,0,0,0,0
2025-10-01,0.0,0.0,218,281,-63,0,0,0
2025-10-02,0.0,0.0,272,224,-15,0,0,0
2025-10-03,0.0,0.0,318,180,123,0,0,0
2025-10-06,0.0,0.0,243,257,109,0,0,0
2025-10-07,0.0,0.0,196,302,3,0,0,0
2025-10-08,0.0,0.0,270,228,45,0,0,0
2025-10-09,0.0,0.0,121,378,-212,0,0,0
2025-10-10,0.0,0.0,79,421,-554,0,0,0
2025-10-13,0.0,0.0,359,138,-333,0,0,0
2025-10-14,0.0,0.0,380,119,-72,0,0,0
2025-10-15,0.0,0.0,253,244,-63,0,0,0
2025-10-16,0.0,0.0,132,367,-298,0,0,0
2025-10-17,0.0,0.0,352,147,-93,0,0,0
2025-10-20,0.0,0.0,409,87,229,0,0,0
2025-10-21,0.0,0.0,292,206,315,0,0,0
2025-10-22,0.0,0.0,188,310,193,0,0,0
2025-10-23,0.0,0.0,291,208,276,0,0,0
2025-10-24,0.0,0.0,268,229,315,0,0,0
2025-10-27,0.0,0.0,328,170,473,0,0,0
2025-10-28,0.0,0.0,108,392,189,0,0,0
2025-10-29,0.0,0.0,134,366,-43,0,0,0
2025-10-30,0.0,0.0,227,272,-88,0,0,0
2025-10-31,0.0,0.0,268,229,-49,0,0,0
2025-11-03,0.0,0.0,190,309,-168,0,0,0
2025-11-04,0.0,0.0,214,286,-240,0,0,0
2025-11-05,0.0,0.0,311,186,-115,0,0,0
2025-11-06,0.0,0.0,163,338,-290,0,0,0
2025-11-07,0.0,0.0,386,114,-18,0,0,0
2025-11-10,0.0,47.31,322,177,127,0,0,0
2025-11-11,0.0,53.29,337,163,301,0,0,0
2025-11-12,0.0,55.2,297,201,397,0,0,0
2025-11-13,0.0,45.71,126,372,151,0,0,0
2025-11-14,0.0,42.51,190,305,36,0,0,0
2025-11-17,0.0,37.33,99,402,-267,0,0,0
2025-11-18,0.0,36.33,246,255,-276,0,0,0
2025-11-19,0.0,35.53,204,293,-365,0,0,0
2025-11-20,0.0,29.94,147,353,-571,0,0,0
2025-11-21,0.0,42.12,444,56,-183,0,0,0
2025-11-24,0.0,43.51,268,231,-146,0,0,0
2025-11-25,0.0,54.49,423,75,202,0,0,0
2025-11-26,0.0,59.48,365,135,432,0,0,0
2025-11-28,0.0,62.28,383,117,698,0,0,0
2025-12-01,0.0,55.89,132,369,461,0,0,0
2025-12-02,0.0,54.49,219,281,399,0,0,0
2025-12-03,0.0,56.09,335,165,569,0,0,0
2025-12-04,0.0,58.28,260,239,590,0,0,0
2025-12-05,0.0,57.49,267,234,623,0,0,0
2025-12-08,0.0,51.3,160,340,443,0,0,0
2025-12-09,0.0,49.3,215,285,373,0,0,0
2025-12-10,0.0,55.89,391,109,655,0,0,0
2025-12-11,0.0,61.28,369,129,895,0,0,0
2025-12-12,0.0,59.68,211,289,817,0,0,0
2025-12-15,0.0,61.68,290,208,899,0,0,0
2025-12-16,0.0,57.68,135,365,669,0,0,0
2025-12-17,0.0,59.68,249,250,668,0,0,0
2025-12-18,0.0,58.08,271,227,712,0,0,0
2025-12-19,0.0,58.08,291,209,794,0,0,0
2025-12-22,0.0,62.28,397,104,1087,0,0,0
2025-12-23,0.0,62.67,218,283,1022,0,0,0
2025-12-24,0.0,63.07,384,115,1291,0,0,0
2025-12-26,0.0,63.47,260,233,1318,0,0,0
2025-12-29,0.0,65.27,201,294,1225,0,0,0
2025-12-30,0.0,62.67,186,312,1099,0,0,0
2025-12-31,0.0,57.09,17,482,634,0,0,0
2026-01-02,0.0,60.68,332,168,798,0,0,0
2026-01-05,0.0,63.27,340,159,979,0,0,0
2026-01-06,0.0,68.06,378,123,1234,0,0,0
2026-01-07,0.0,63.47,116,385,965,0,0,0
2026-01-08,0.0,71.06,348,153,1160,0,0,0
2026-01-09,0.0,72.26,287,212,1235,0,0,0
2026-01-12,0.0,71.46,253,247,1241,0,0,0
2026-01-13,0.0,68.66,265,236,1270,0,0,0
2026-01-14,0.0,72.85,309,191,1388,0,0,0
2026-01-15,0.0,73.65,313,187,1514,0,0,0
2026-01-16,0.0,72.85,232,269,1477,0,0,0
2026-01-20,0.0,64.47,98,401,1174,0,0,0
2026-01-21,0.0,70.06,409,92,1491,0,0,0
2026-01-22,0.0,69.66,281,217,1555,0,0,0
2026-01-23,0.0,67.47,182,318,1419,0,0,0
2026-01-26,0.0,70.26,317,184,1552,0,0,0
2026-01-27,0.0,67.27,239,262,1529,0,0,0
2026-01-28,0.0,62.67,196,305,1420,0,0,0
2026-01-29,0.0,64.47,283,214,1489,0,0,0
2026-01-30,0.0,67.07,241,259,1471,0,0,0
2026-02-02,0.0,67.07,297,204,1564,0,0,0
2026-02-03,0.0,63.27,274,226,1612,0,0,0
2026-02-04,0.0,67.86,354,147,1819,0,0,0
2026-02-05,0.0,65.07,181,319,1681,0,0,0
2026-02-06,0.0,68.86,401,100,1982,0,0,0
2026-02-09,0.0,68.26,268,232,2018,0,0,0
2026-02-10,0.0,68.66,295,204,2109,0,0,0
2026-02-11,0.0,67.07,285,216,2178,0,0,0
2026-02-12,0.0,61.88,159,342,1995,0,0,0
2026-02-13,0.0,63.47,370,131,2234,0,0,0
2026-02-17,0.0,65.07,247,253,2228,0,0,0
2026-02-18,0.0,67.07,317,183,2362,0,0,0
2026-02-19,0.0,64.87,208,289,2281,0,0,0
2026-02-20,0.0,66.47,337,164,2454,0,0,0
2026-02-23,0.0,61.88,175,324,2305,0,0,0
2026-02-24,0.0,62.67,356,143,2518,0,0,0
2026-02-25,0.0,63.47,262,238,2542,0,0,0
2026-02-26,0.0,66.27,343,155,2730,0,0,0
2026-02-27,0.0,63.47,277,224,2783,0,0,0
2026-03-02,0.0,62.28,244,255,2772,0,0,0
2026-03-03,0.0,57.29,130,370,2532,0,0,0
2026-03-04,0.0,58.88,284,216,2600,0,0,0
2026-03-05,0.0,52.1,131,369,2362,0,0,0
2026-03-06,0.0,45.11,144,356,2150,0,0,0
2026-03-09,0.0,44.91,257,244,2163,0,0,0
2026-03-10,0.0,41.92,154,347,1970,0,0,0
2026-03-11,0.0,39.72,174,324,1820,0,0,0
2026-03-12,0.0,32.73,109,391,1538,0,0,0
2026-03-13,0.0,32.93,263,235,1566,0,0,0
2026-03-16,0.0,34.73,388,112,1842,0,0,0
2026-03-17,0.0,35.93,317,180,1979,0,0,0
2026-03-18,0.0,30.14,80,421,1638,0,0,0
2026-03-19,0.0,28.94,218,283,1573,0,0,0
2026-03-20,0.0,20.76,110,391,1292,0,0,0
2026-03-23,42.32,24.95,382,118,1556,0,0,0
2026-03-24,44.11,25.55,289,212,1633,0,0,0
2026-03-25,45.31,27.94,325,175,1783,0,0,0
2026-03-26,44.31,22.95,183,317,1649,0,0,0
2026-03-27,39.12,20.16,109,389,1369,0,0,0
2026-03-30,38.72,20.16,270,229,1410,0,0,0
2026-03-31,44.11,24.75,421,79,1752,0,0,0
2026-04-01,45.31,27.74,306,193,1865,0,0,0
2026-04-02,45.71,30.74,299,200,1964,0,0,0
2026-04-06,46.91,34.33,319,179,2104,0,0,0
2026-04-07,46.71,30.74,208,292,2020,0,0,0
2026-04-08,54.69,49.9,424,77,2367,0,0,0
2026-04-09,55.09,50.9,290,210,2447,0,0,0
2026-04-10,53.49,45.31,138,362,2223,0,0,0
2026-04-13,55.69,51.5,361,139,2445,0,0,0
2026-04-14,56.09,54.89,290,207,2528,0,0,0
2026-04-15,54.89,53.09,222,277,2473,0,0,0
2026-04-16,56.89,54.29,300,200,2573,0,0,0
2026-04-17,61.68,62.08,393,106,2860,0,0,0
2026-04-20,62.87,63.27,276,223,2913,0,0,0
2026-04-21,58.88,58.88,166,335,2744,0,0,0
2026-04-22,57.49,56.09,220,280,2684,0,0,0
2026-04-23,59.08,56.49,273,227,2730,0,0,0
2026-04-24,57.09,53.89,180,319,2591,0,0,0
2026-04-27,56.09,52.69,229,270,2550,0,0,0
2026-04-28,58.48,53.49,227,273,2504,0,0,0
2026-04-29,57.29,50.5,167,333,2338,0,0,0
2026-04-30,60.48,57.09,378,118,2598,0,0,0
2026-05-01,58.08,55.89,179,320,2457,0,0,0
2026-05-04,54.89,52.89,157,341,2273,0,0,0
2026-05-05,56.49,54.49,320,181,2412,0,0,0
2026-05-06,59.68,57.09,316,184,2544,0,0,0
2026-05-07,57.29,54.89,173,328,2389,0,0,0
2026-05-08,55.29,53.29,214,287,2316,0,0,0
2026-05-11,54.09,51.5,221,280,2257,0,0,0
2026-05-12,55.09,52.5,260,240,2277,0,0,0
2026-05-13,52.89,47.31,178,321,2134,0,0,0
2026-05-14,54.09,48.3,300,200,2234,0,0,0
2026-05-15,49.3,46.11,138,361,2011,0,0,0
2026-05-18,52.69,52.69,352,147,2216,0,0,0
2026-05-19,53.29,48.7,185,315,2086,0,0,0
2026-05-20,55.09,54.49,350,149,2287,0,0,0
2026-05-21,57.68,56.29,288,209,2366,0,0,0
2026-05-22,58.68,59.08,350,150,2566,0,0,0
2026-05-26,60.08,57.49,253,247,2572,0,0,0
2026-05-27,59.76,57.17,232,265,2539,0,0,0
2026-05-28,59.36,57.77,239,262,2516,0,0,0
2026-05-29,57.77,55.58,198,304,2410,0,0,0
2026-06-01,55.18,53.39,212,290,2332,0,0,0
2026-06-02,55.78,53.39,260,241,2351,0,0,0
2026-06-03,55.78,51.2,202,298,2255,0,0,0
2026-06-04,58.96,56.77,360,141,2474,0,0,0
2026-06-05,59.96,55.38,236,266,2444,0,0,0
2026-06-08,57.57,53.59,180,321,2303,0,0,0
2026-06-09,60.56,58.96,370,131,2542,0,0,0
2026-06-10,58.96,51.79,174,327,2389,0,0,0
2026-06-11,61.75,57.17,323,177,2535,0,0,0
2026-06-12,63.55,61.55,394,108,2821,0,0,0
2026-06-15,63.02,64.41,264,237,2848,0,0,0
2026-06-16,65.01,66.0,273,230,2891,0,0,0
2026-06-17,62.43,55.27,74,428,2537,0,0,0
2026-06-18,60.44,56.46,265,237,2565,0,0,0
2026-06-22,60.83,56.06,267,235,2597,0,0,0
2026-06-23,61.83,60.04,282,220,2659,0,0,0
2026-06-24,63.42,63.62,320,180,2799,0,0,0
2026-06-25,63.02,63.42,302,201,2900,0,0,0
2026-06-26,65.41,63.62,319,182,3037,0,0,0
2026-06-29,64.02,64.61,232,269,3000,0,0,0
2026-06-30,62.23,62.43,215,288,2927,0,0,0
2026-07-01,66.0,63.82,297,206,3018,0,0,0
2026-07-02,67.59,67.0,357,145,3230,0,0,0
2026-07-06,67.2,68.79,222,279,3173,0,0,0
2026-07-07,67.99,67.59,283,219,3237,0,0,0
2026-07-08,65.21,64.21,112,391,2958,0,0,0
2026-07-09,65.61,65.01,302,201,3059,0,0,0
2026-07-10,67.59,68.39,338,163,3234,0,0,0
2026-07-13,68.39,65.81,273,230,3277,0,0,0
2026-07-14,66.8,63.82,206,294,3189,0,0,0
2026-07-15,67.2,62.03,254,249,3194,0,0,0
2026-07-16,70.97,67.2,368,134,3428,0,0,0
2026-07-17,68.79,64.21,148,355,3221,33,4,29
2026-07-20,66.6,61.83,164,338,3047,7,7,0
2026-07-21,65.81,59.64,233,267,3013,15,8,7
2026-07-22,66.4,62.62,246,253,3006,16,6,10
2026-07-23,65.81,59.24,213,290,2929,18,13,5
2026-07-24,66.6,65.21,360,143,3146,32,7,25
2026-07-27,70.18,69.18,328,175,3299,34,3,31
2026-07-28,71.97,71.97,354,148,3505,60,1,59
2026-07-29,69.98,66.0,179,324,3360,25,3,22
2026-07-30,69.58,64.21,201,300,3261,8,5,3
2026-07-31,68.39,62.62,223,279,3205,4,4,0
2026-08-03,70.58,65.21,340,163,3382,19,0,19
2026-08-04,72.56,68.39,361,139,3604,37,3,34
2026-08-05,72.17,67.59,244,259,3589,32,5,27
2026-08-06,71.77,64.81,202,299,3492,19,5,14
2026-08-07,73.96,66.4,322,179,3635,22,1,21
2026-08-10,73.36,66.0,233,267,3601,24,2,22
2026-08-11,72.76,64.21,277,224,3654,30,1,29
2026-08-12,72.17,65.61,265,237,3682,38,3,35
2026-08-13,75.15,68.79,317,185,3814,30,1,29
2026-08-14,74.95,70.58,255,240,3829,19,1,18
2026-08-17,71.97,62.23,135,366,3598,13,2,11
2026-08-18,71.97,60.83,226,274,3550,13,5,8
2026-08-19,75.35,61.63,286,216,3620,23,0,23
2026-08-20,73.76,54.87,158,341,3437,15,3,12
2026-08-21,72.96,58.25,334,167,3604,23,5,18
2026-08-24,74.75,60.83,304,196,3712,25,4,21
2026-08-25,72.76,59.24,210,291,3631,20,2,18
2026-08-26,73.16,59.44,284,217,3698,13,3,10
2026-08-27,71.17,54.08,152,349,3501,15,9,6
2026-08-28,71.97,53.68,227,275,3453,9,1,8
2026-08-31,68.79,50.7,136,362,3227,7,11,-4
2026-09-01,66.0,46.72,161,340,3048,9,10,-1
2026-09-02,66.8,48.51,300,202,3146,18,7,11
2026-09-03,68.99,51.49,341,160,3327,17,1,16
2026-09-04,67.4,48.31,179,323,3183,7,5,2
2026-09-08,63.22,43.54,148,354,2977,5,11,-6
2026-09-09,60.24,38.37,99,404,2672,7,21,-14
2026-09-10,58.05,34.19,167,332,2507,3,20,-17
2026-09-11,59.84,39.76,341,162,2686,11,12,-1
2026-09-14,59.64,39.17,282,220,2748,7,9,-2
2026-09-15,57.06,35.98,162,340,2570,16,23,-7
2026-09-16,53.88,32.8,162,339,2393,6,22,-16
2026-09-17,53.88,32.01,296,204,2485,15,14,1
2026-09-18,52.88,29.22,156,346,2295,2,22,-20
2026-09-21,52.68,31.21,292,209,2378,8,18,-10
2026-09-22,50.89,31.41,249,253,2374,12,20,-8
2026-09-23,49.7,29.22,170,332,2212,10,28,-18
2026-09-24,47.51,26.24,176,326,2062,14,37,-23
2026-09-25,48.91,27.44,329,172,2219,10,11,-1
2026-09-28,47.71,25.05,164,335,2048,9,28,-19
2026-09-29,45.33,25.45,197,301,1944,8,20,-12
