date,ticker,shares,close
2026-07-23,XLK,272056000,178.45
2026-07-23,XLF,883444992,55.83
2026-07-23,XLE,186424000,59.38
2026-07-23,XLV,197415008,161.44
2026-07-23,XLI,136626000,181.94
2026-07-23,XLY,120253000,108.76
2026-07-23,XLP,210172000,83.21
2026-07-23,XLU,163274000,46.19
2026-07-23,XLB,71923696,50.29
2026-07-23,SOXX,7650000,551.24
2026-07-23,SPY,917782016,738.18
2026-07-23,QQQ,393100000,691.96
2026-07-23,IWM,281049984,292.09
2026-07-23,RSP,155552992,211.92
2026-07-23,TLT,109700000,83.17
2026-07-23,HYG,195600000,79.23
2026-07-23,LQD,293500000,106.26
2026-07-23,GLD,260300000,371.52
2026-07-23,SLV,341449984,52.06
2026-07-23,USO,119100000,139.49
2026-07-24,XLK,272056000,175.88
2026-07-24,XLF,883444992,56.31
2026-07-24,XLE,186424000,59.62
2026-07-24,XLV,197415008,162.57
2026-07-24,XLI,136626000,182.66
2026-07-24,XLY,120253000,109.41
2026-07-24,XLP,210172000,84.13
2026-07-24,XLU,163274000,46.29
2026-07-24,XLB,71923696,51.26
2026-07-24,SOXX,7650000,527.01
2026-07-24,SPY,917782016,738.93
2026-07-24,QQQ,393100000,684.23
2026-07-24,IWM,281049984,291.17
2026-07-24,RSP,155552992,213.57
2026-07-24,TLT,109700000,83.25
2026-07-24,HYG,195600000,79.23
2026-07-24,LQD,293500000,106.23
2026-07-24,GLD,260300000,371.9
2026-07-24,SLV,341449984,52.59
2026-07-24,USO,119100000,136.69
2026-07-27,XLK,272056000,174.3
2026-07-27,XLF,883444992,56.88
2026-07-27,XLE,186424000,58.36
2026-07-27,XLV,197415008,163.4
2026-07-27,XLI,136626000,183.2
2026-07-27,XLY,120253000,110.84
2026-07-27,XLP,210172000,85.36
2026-07-27,XLU,163274000,45.68
2026-07-27,XLB,71923696,51.39
2026-07-27,SOXX,7650000,516.23
2026-07-27,SPY,917782016,739.09
2026-07-27,QQQ,393100000,682.12
2026-07-27,IWM,281049984,292.91
2026-07-27,RSP,155552992,215.18
2026-07-27,TLT,109700000,83.75
2026-07-27,HYG,195600000,79.27
2026-07-27,LQD,293500000,106.51
2026-07-27,GLD,260300000,374.63
2026-07-27,SLV,341449984,52.93
2026-07-27,USO,119100000,124.76
2026-07-28,XLK,272056000,171.09
2026-07-28,XLF,883444992,57.6
2026-07-28,XLE,186424000,57.57
2026-07-28,XLV,197415008,167.26
2026-07-28,XLI,136626000,182.49
2026-07-28,XLY,120253000,112.48
2026-07-28,XLP,210172000,87.06
2026-07-28,XLU,163274000,45.52
2026-07-28,XLB,71923696,52.34
2026-07-28,SOXX,7650000,491.46
2026-07-28,SPY,917782016,740.86
2026-07-28,QQQ,393100000,675.49
2026-07-28,IWM,281049984,293.37
2026-07-28,RSP,155552992,217.69
2026-07-28,TLT,109700000,84.24
2026-07-28,HYG,195600000,79.42
2026-07-28,LQD,293500000,106.83
2026-07-28,GLD,260300000,369.37
2026-07-28,SLV,341449984,51.7
2026-07-28,USO,119100000,120.49
2026-07-29,XLF,883444992,56.68
2026-07-29,XLE,186424000,58.65
2026-07-29,XLI,136626000,176.66
2026-07-29,XLP,210172000,87.36
2026-07-29,XLU,163274000,44.91
2026-07-29,XLB,71923696,51.74
2026-07-29,SOXX,7650000,465.0
2026-07-29,SPY,917782016,729.46
2026-07-29,QQQ,393100000,661.73
2026-07-29,IWM,281049984,288.57
2026-07-29,TLT,109700000,82.85
2026-07-29,GLD,260300000,371.08
2026-07-30,XLK,272056000,175.73
2026-07-30,XLF,883444992,57.0
2026-07-30,XLE,186424000,58.96
2026-07-30,XLV,197415008,163.52
2026-07-30,XLI,136626000,178.39
2026-07-30,XLY,120253000,112.39
2026-07-30,XLP,210172000,85.47
2026-07-30,XLU,163274000,44.66
2026-07-30,XLB,71923696,51.64
2026-07-30,SOXX,7650000,504.53
2026-07-30,SPY,917782016,741.69
2026-07-30,QQQ,393100000,683.55
2026-07-30,IWM,281049984,292.59
2026-07-30,RSP,155552992,215.38
2026-07-30,TLT,109700000,82.8
2026-07-30,HYG,195600000,79.47
2026-07-30,LQD,293500000,106.41
2026-07-30,GLD,260300000,377.16
2026-07-30,SLV,341449984,53.5
2026-07-30,USO,119100000,127.48
2026-07-31,XLF,883444992,56.94
2026-07-31,XLE,186424000,59.55
2026-07-31,XLI,136626000,179.84
2026-07-31,XLP,210172000,85.05
2026-07-31,XLU,163274000,44.35
2026-07-31,XLB,71923696,50.43
2026-07-31,SOXX,7650000,504.89
2026-07-31,SPY,917782016,747.03
2026-07-31,QQQ,393100000,687.99
2026-07-31,IWM,281049984,291.2
2026-07-31,TLT,109700000,82.25
2026-07-31,GLD,260300000,371.54
2026-08-03,XLF,883444992,57.38
2026-08-03,XLE,186424000,58.79
2026-08-03,XLI,136626000,183.16
2026-08-03,XLP,210172000,84.86
2026-08-03,XLU,163274000,44.36
2026-08-03,XLB,71923696,51.01
2026-08-03,SOXX,7650000,507.68
2026-08-03,SPY,917782016,757.67
2026-08-03,QQQ,393100000,700.07
2026-08-03,IWM,281049984,296.22
2026-08-03,TLT,109700000,82.19
2026-08-03,GLD,260300000,371.71
2026-08-04,XLK,272056000,186.9
2026-08-04,XLF,883444992,57.88
2026-08-04,XLE,186424000,58.52
2026-08-04,XLV,197415008,162.1
2026-08-04,XLI,136626000,186.4
2026-08-04,XLY,120253000,118.29
2026-08-04,XLP,210172000,85.37
2026-08-04,XLU,163274000,44.11
2026-08-04,XLB,71923696,52.0
2026-08-04,SOXX,7650000,542.21
2026-08-04,SPY,917782016,771.33
2026-08-04,QQQ,393100000,723.85
2026-08-04,IWM,281049984,301.71
2026-08-04,RSP,155552992,220.23
2026-08-04,TLT,109700000,82.82
2026-08-04,HYG,195600000,79.55
2026-08-04,LQD,293500000,106.76
2026-08-04,GLD,260300000,374.16
2026-08-04,SLV,341449984,53.84
2026-08-04,USO,119100000,115.78
2026-08-05,XLF,883444992,58.0
2026-08-05,XLE,186424000,57.31
2026-08-05,XLI,136626000,186.35
2026-08-05,XLP,210172000,85.33
2026-08-05,XLU,163274000,43.66
2026-08-05,XLB,71923696,52.64
2026-08-05,SOXX,7650000,530.7
2026-08-05,SPY,917782016,769.79
2026-08-05,QQQ,393100000,717.3
2026-08-05,IWM,281049984,299.77
2026-08-05,TLT,109700000,83.0
2026-08-05,GLD,260300000,389.64
2026-08-06,XLF,883444992,57.81
2026-08-06,XLE,186424000,58.16
2026-08-06,XLI,136626000,184.76
2026-08-06,XLP,210172000,85.11
2026-08-06,XLU,163274000,43.38
2026-08-06,XLB,71923696,52.17
2026-08-06,SOXX,7650000,532.52
2026-08-06,SPY,917782016,768.56
2026-08-06,QQQ,393100000,714.65
2026-08-06,IWM,281049984,298.25
2026-08-06,TLT,109700000,82.52
2026-08-06,GLD,260300000,389.67
2026-08-07,XLF,883444992,57.6
2026-08-07,XLE,186424000,57.5
2026-08-07,XLI,136626000,185.18
2026-08-07,XLP,210172000,85.12
2026-08-07,XLU,163274000,43.61
2026-08-07,XLB,71923696,52.86
2026-08-07,SOXX,7650000,543.27
2026-08-07,SPY,917782016,773.26
2026-08-07,QQQ,393100000,723.03
2026-08-07,IWM,281049984,301.56
2026-08-07,TLT,109700000,82.76
2026-08-07,GLD,260300000,398.47
2026-08-10,XLF,883444992,57.81
2026-08-10,XLE,186424000,60.18
2026-08-10,XLI,136626000,184.6
2026-08-10,XLP,210172000,84.95
2026-08-10,XLU,163274000,43.13
2026-08-10,XLB,71923696,53.18
2026-08-10,SOXX,7650000,529.39
2026-08-10,SPY,917782016,773.03
2026-08-10,QQQ,393100000,720.87
2026-08-10,IWM,281049984,299.98
2026-08-10,TLT,109700000,82.06
2026-08-10,GLD,260300000,402.54
2026-08-11,XLK,272056000,186.09
2026-08-11,XLF,883444992,57.8
2026-08-11,XLE,186424000,60.93
2026-08-11,XLV,197415008,168.01
2026-08-11,XLI,136626000,185.7
2026-08-11,XLY,120253000,119.24
2026-08-11,XLP,210172000,84.69
2026-08-11,XLU,163274000,43.63
2026-08-11,XLB,71923696,53.24
2026-08-11,SOXX,7650000,534.2
2026-08-11,SPY,917782016,770.56
2026-08-11,QQQ,393100000,718.45
2026-08-11,IWM,281049984,300.99
2026-08-11,RSP,155552992,220.69
2026-08-11,TLT,109700000,82.19
2026-08-11,HYG,195600000,79.51
2026-08-11,LQD,293500000,105.99
2026-08-11,GLD,260300000,400.96
2026-08-11,SLV,341449984,58.55
2026-08-11,USO,119100000,127.61
2026-08-12,XLK,272056000,188.86
2026-08-12,XLF,883444992,57.92
2026-08-12,XLE,186424000,61.03
2026-08-12,XLV,197415008,168.44
2026-08-12,XLI,136626000,185.88
2026-08-12,XLY,120253000,117.89
2026-08-12,XLP,210172000,85.08
2026-08-12,XLU,163274000,43.84
2026-08-12,XLB,71923696,52.58
2026-08-12,SOXX,7650000,546.61
2026-08-12,SPY,917782016,772.49
2026-08-12,QQQ,393100000,723.7
2026-08-12,IWM,281049984,302.71
2026-08-12,RSP,155552992,221.08
2026-08-12,TLT,109700000,82.11
2026-08-12,HYG,195600000,79.61
2026-08-12,LQD,293500000,106.12
2026-08-12,GLD,260300000,404.92
2026-08-12,SLV,341449984,59.06
2026-08-12,USO,119100000,127.3
2026-08-13,XLK,272056000,190.77
2026-08-13,XLF,883444992,58.26
2026-08-13,XLE,186424000,61.06
2026-08-13,XLV,197415008,168.38
2026-08-13,XLI,136626000,185.79
2026-08-13,XLY,120253000,118.45
2026-08-13,XLP,210172000,86.0
2026-08-13,XLU,163274000,44.04
2026-08-13,XLB,71923696,52.31
2026-08-13,SOXX,7650000,550.74
2026-08-13,SPY,917782016,777.88
2026-08-13,QQQ,393100000,732.07
2026-08-13,IWM,281049984,303.5
2026-08-13,RSP,155552992,222.73
2026-08-13,TLT,109700000,82.59
2026-08-13,HYG,195600000,79.79
2026-08-13,LQD,293500000,106.55
2026-08-13,GLD,260300000,398.96
2026-08-13,SLV,341449984,58.16
2026-08-13,USO,119100000,125.03
2026-08-14,XLK,272056000,190.01
2026-08-14,XLF,883444992,58.16
2026-08-14,XLE,186424000,61.91
2026-08-14,XLV,197415008,167.37
2026-08-14,XLI,136626000,186.51
2026-08-14,XLY,120253000,118.2
2026-08-14,XLP,210172000,86.09
2026-08-14,XLU,163274000,44.31
2026-08-14,XLB,71923696,52.54
2026-08-14,SOXX,7650000,550.42
2026-08-14,SPY,917782016,776.34
2026-08-14,QQQ,393100000,731.07
2026-08-14,IWM,281049984,305.09
2026-08-14,RSP,155552992,222.77
2026-08-14,TLT,109700000,82.04
2026-08-14,HYG,195600000,79.71
2026-08-14,LQD,293500000,106.12
2026-08-14,GLD,260300000,401.48
2026-08-14,SLV,341449984,58.48
2026-08-14,USO,119100000,126.6
2026-08-17,XLK,272056000,190.32
2026-08-17,XLF,883444992,57.58
2026-08-17,XLE,186424000,62.58
2026-08-17,XLV,197415008,167.05
2026-08-17,XLI,136626000,186.32
2026-08-17,XLY,120253000,116.75
2026-08-17,XLP,210172000,84.68
2026-08-17,XLU,163274000,44.18
2026-08-17,XLB,71923696,52.24
2026-08-17,SOXX,7650000,559.12
2026-08-17,SPY,917782016,772.67
2026-08-17,QQQ,393100000,729.87
2026-08-17,IWM,281049984,304.06
2026-08-17,RSP,155552992,220.79
2026-08-17,TLT,109700000,81.35
2026-08-17,LQD,293500000,105.7
2026-08-17,GLD,260300000,405.49
2026-08-17,USO,119100000,130.29
2026-08-18,XLK,272056000,185.62
2026-08-18,XLF,883444992,57.84
2026-08-18,XLE,186424000,63.68
2026-08-18,XLV,197415008,169.73
2026-08-18,XLI,136626000,183.57
2026-08-18,XLY,120253000,116.36
2026-08-18,XLP,210172000,85.58
2026-08-18,XLU,163274000,44.02
2026-08-18,XLB,71923696,51.78
2026-08-18,SOXX,7650000,531.39
2026-08-18,SPY,917782016,767.45
2026-08-18,QQQ,393100000,717.51
2026-08-18,IWM,281049984,300.23
2026-08-18,RSP,155552992,219.79
2026-08-18,TLT,109700000,81.66
2026-08-18,HYG,195600000,79.53
2026-08-18,LQD,293500000,105.84
2026-08-18,GLD,260300000,398.55
2026-08-18,SLV,341449984,57.44
2026-08-18,USO,119100000,130.66
2026-08-19,XLF,883444992,57.48
2026-08-19,XLE,186424000,63.58
2026-08-19,XLI,136626000,181.95
2026-08-19,XLP,210172000,86.54
2026-08-19,XLU,163274000,44.02
2026-08-19,XLB,71923696,52.52
2026-08-19,SOXX,7650000,519.67
2026-08-19,SPY,917782016,769.06
2026-08-19,QQQ,393100000,716.08
2026-08-19,IWM,281049984,301.72
2026-08-19,TLT,109700000,83.02
2026-08-19,GLD,260300000,413.84
2026-08-20,XLK,272056000,183.1
2026-08-20,XLF,883444992,56.95
2026-08-20,XLE,186424000,63.75
2026-08-20,XLV,197415008,172.39
2026-08-20,XLI,136626000,179.77
2026-08-20,XLY,120253000,116.68
2026-08-20,XLP,210172000,85.32
2026-08-20,XLU,163274000,43.77
2026-08-20,XLB,71923696,52.42
2026-08-20,SOXX,7650000,522.35
2026-08-20,SPY,917782016,762.6
2026-08-20,QQQ,393100000,710.93
2026-08-20,IWM,281049984,297.67
2026-08-20,RSP,155552992,220.28
2026-08-20,TLT,109700000,82.34
2026-08-20,HYG,195600000,79.56
2026-08-20,LQD,293500000,106.06
2026-08-20,GLD,260300000,415.26
2026-08-20,SLV,341449984,61.66
2026-08-20,USO,119100000,134.54
2026-08-21,XLK,272056000,183.31
2026-08-21,XLF,883444992,57.48
2026-08-21,XLE,186424000,63.64
2026-08-21,XLV,197415008,174.62
2026-08-21,XLI,136626000,180.25
2026-08-21,XLY,120253000,118.02
2026-08-21,XLP,210172000,85.99
2026-08-21,XLU,163274000,42.77
2026-08-21,XLB,71923696,53.54
2026-08-21,SOXX,7650000,520.05
2026-08-21,SPY,917782016,765.72
2026-08-21,QQQ,393100000,713.44
2026-08-21,IWM,281049984,299.96
2026-08-21,RSP,155552992,221.67
2026-08-21,TLT,109700000,82.05
2026-08-21,HYG,195600000,79.61
2026-08-21,LQD,293500000,105.92
2026-08-21,GLD,260300000,423.36
2026-08-21,SLV,341449984,62.72
2026-08-21,USO,119100000,134.64
2026-08-24,XLF,883444992,58.22
2026-08-24,XLE,186424000,63.11
2026-08-24,XLI,136626000,179.0
2026-08-24,XLP,210172000,87.45
2026-08-24,XLU,163274000,43.22
2026-08-24,XLB,71923696,53.58
2026-08-24,SOXX,7650000,506.18
2026-08-24,SPY,917782016,763.47
2026-08-24,QQQ,393100000,706.32
2026-08-24,IWM,281049984,297.97
2026-08-24,TLT,109700000,82.56
2026-08-24,GLD,260300000,426.69
2026-08-25,XLF,883444992,58.31
2026-08-25,XLE,186424000,62.06
2026-08-25,XLI,136626000,178.4
2026-08-25,XLP,210172000,86.52
2026-08-25,XLU,163274000,43.31
2026-08-25,XLB,71923696,53.58
2026-08-25,SOXX,7650000,514.06
2026-08-25,SPY,917782016,765.91
2026-08-25,QQQ,393100000,710.72
2026-08-25,IWM,281049984,299.23
2026-08-25,TLT,109700000,83.47
2026-08-25,GLD,260300000,428.07
2026-08-26,XLF,883444992,58.26
2026-08-26,XLE,186424000,62.43
2026-08-26,XLI,136626000,180.34
2026-08-26,XLP,210172000,86.27
2026-08-26,XLU,163274000,43.51
2026-08-26,XLB,71923696,53.67
2026-08-26,SOXX,7650000,515.4
2026-08-26,SPY,917782016,766.08
2026-08-26,QQQ,393100000,711.37
2026-08-26,IWM,281049984,298.93
2026-08-26,TLT,109700000,83.3
2026-08-26,GLD,260300000,421.32
2026-08-28,XLF,883444992,58.1
2026-08-28,XLE,186424000,62.68
2026-08-28,XLI,136626000,177.14
2026-08-28,XLP,210172000,85.45
2026-08-28,XLU,163274000,42.73
2026-08-28,XLB,71923696,53.18
2026-08-28,SOXX,7650000,508.62
2026-08-28,SPY,917782016,769.35
2026-08-28,QQQ,393100000,716.43
2026-08-28,IWM,281049984,295.75
2026-08-28,TLT,109700000,82.88
2026-08-28,GLD,260300000,408.89
2026-08-31,XLK,272056000,186.5
2026-08-31,XLF,883444992,57.71
2026-08-31,XLE,186424000,63.96
2026-08-31,XLV,197415008,170.54
2026-08-31,XLI,136626000,175.13
2026-08-31,XLY,120253000,116.59
2026-08-31,XLP,210172000,84.98
2026-08-31,XLU,163274000,42.23
2026-08-31,XLB,71923696,52.69
2026-08-31,SOXX,7650000,511.04
2026-08-31,SPY,917782016,767.05
2026-08-31,QQQ,393100000,716.76
2026-08-31,IWM,281049984,293.93
2026-08-31,RSP,155552992,219.39
2026-08-31,TLT,109700000,82.52
2026-08-31,HYG,195600000,79.81
2026-08-31,LQD,293500000,106.21
2026-08-31,GLD,260300000,408.42
2026-08-31,SLV,341449984,60.13
2026-08-31,USO,119100000,133.7
2026-09-01,XLF,883444992,57.2
2026-09-01,XLE,186424000,64.77
2026-09-01,XLI,136626000,172.73
2026-09-01,XLP,210172000,85.25
2026-09-01,XLU,163274000,42.56
2026-09-01,XLB,71923696,52.07
2026-09-01,SOXX,7650000,500.31
2026-09-01,SPY,917782016,761.78
2026-09-01,QQQ,393100000,707.64
2026-09-01,IWM,281049984,290.57
2026-09-01,TLT,109700000,81.87
2026-09-01,GLD,260300000,396.75
2026-09-02,XLK,272056000,183.64
2026-09-02,XLF,883444992,57.2
2026-09-02,XLE,186424000,64.77
2026-09-02,XLV,197415008,171.67
2026-09-02,XLI,136626000,172.73
2026-09-02,XLY,120253000,114.59
2026-09-02,XLP,210172000,85.25
2026-09-02,XLU,163274000,42.56
2026-09-02,XLB,71923696,52.07
2026-09-02,SOXX,7650000,500.31
2026-09-02,SPY,917782016,761.78
2026-09-02,QQQ,393100000,707.64
2026-09-02,IWM,281049984,290.57
2026-09-02,RSP,155552992,217.59
2026-09-02,TLT,109700000,81.87
2026-09-02,HYG,195600000,79.1
2026-09-02,LQD,293500000,105.22
2026-09-02,GLD,260300000,396.75
2026-09-02,SLV,341449984,57.92
2026-09-02,USO,119100000,141.0
2026-09-03,XLK,272056000,183.6
2026-09-03,XLF,883444992,57.66
2026-09-03,XLE,186424000,65.1
2026-09-03,XLV,197415008,172.95
2026-09-03,XLI,136626000,172.78
2026-09-03,XLY,120253000,114.86
2026-09-03,XLP,210172000,85.53
2026-09-03,XLU,163274000,42.67
2026-09-03,XLB,71923696,52.95
2026-09-03,SOXX,7650000,501.44
2026-09-03,SPY,917782016,765.16
2026-09-03,QQQ,393100000,709.24
2026-09-03,IWM,281049984,294.01
2026-09-03,RSP,155552992,218.6
2026-09-03,TLT,109700000,81.95
2026-09-03,HYG,195600000,79.11
2026-09-03,LQD,293500000,105.35
2026-09-03,GLD,260300000,402.78
2026-09-03,SLV,341449984,59.07
2026-09-03,USO,119100000,141.15
2026-09-04,XLF,883444992,58.56
2026-09-04,XLE,186424000,64.62
2026-09-04,XLI,136626000,174.56
2026-09-04,XLP,210172000,85.26
2026-09-04,XLU,163274000,43.03
2026-09-04,XLB,71923696,52.62
2026-09-04,SOXX,7650000,502.2
2026-09-04,SPY,917782016,773.17
2026-09-04,QQQ,393100000,717.67
2026-09-04,IWM,281049984,295.19
2026-09-04,TLT,109700000,82.07
2026-09-04,GLD,260300000,410.22
2026-09-08,XLF,883444992,58.1
2026-09-08,XLE,186424000,64.06
2026-09-08,XLI,136626000,175.27
2026-09-08,XLP,210172000,84.58
2026-09-08,XLU,163274000,43.08
2026-09-08,XLB,71923696,52.44
2026-09-08,SOXX,7650000,519.86
2026-09-08,SPY,917782016,770.19
2026-09-08,QQQ,393100000,718.96
2026-09-08,IWM,281049984,296.01
2026-09-08,TLT,109700000,82.21
2026-09-08,GLD,260300000,406.77
2026-09-09,XLK,272056000,187.87
2026-09-09,XLF,883444992,57.3
2026-09-09,XLE,186424000,64.77
2026-09-09,XLV,197415008,167.13
2026-09-09,XLI,136626000,174.42
2026-09-09,XLY,120253000,113.99
2026-09-09,XLP,210172000,84.02
2026-09-09,XLU,163274000,43.45
2026-09-09,XLB,71923696,51.94
2026-09-09,SOXX,7650000,528.4
2026-09-09,SPY,917782016,765.96
2026-09-09,QQQ,393100000,718.36
2026-09-09,IWM,281049984,294.67
2026-09-09,RSP,155552992,216.73
2026-09-09,TLT,109700000,82.2
2026-09-09,HYG,195600000,79.12
2026-09-09,LQD,293500000,105.48
2026-09-09,GLD,260300000,399.72
2026-09-09,SLV,341449984,59.37
2026-09-09,USO,119100000,146.03
2026-09-10,XLF,883444992,57.06
2026-09-10,XLE,186424000,65.31
2026-09-10,XLI,136626000,171.79
2026-09-10,XLP,210172000,83.05
2026-09-10,XLU,163274000,42.94
2026-09-10,XLB,71923696,51.39
2026-09-10,SOXX,7650000,532.0
2026-09-10,SPY,917782016,762.4
2026-09-10,QQQ,393100000,716.31
2026-09-10,IWM,281049984,290.64
2026-09-10,TLT,109700000,81.73
2026-09-10,GLD,260300000,403.35
2026-09-11,XLK,272056000,185.22
2026-09-11,XLF,883444992,56.87
2026-09-11,XLE,186424000,64.93
2026-09-11,XLV,197415008,165.66
2026-09-11,XLI,136626000,170.55
2026-09-11,XLY,120253000,111.96
2026-09-11,XLP,210172000,83.09
2026-09-11,XLU,163274000,42.52
2026-09-11,XLB,71923696,50.76
2026-09-11,SOXX,7650000,517.43
2026-09-11,SPY,917782016,757.83
2026-09-11,QQQ,393100000,708.69
2026-09-11,IWM,281049984,287.7
2026-09-11,RSP,155552992,213.17
2026-09-11,TLT,109700000,80.78
2026-09-11,HYG,195600000,78.62
2026-09-11,LQD,293500000,104.36
2026-09-11,GLD,260300000,396.36
2026-09-11,SLV,341449984,57.5
2026-09-11,USO,119100000,158.38
2026-09-14,XLF,883444992,57.25
2026-09-14,XLE,186424000,65.14
2026-09-14,XLI,136626000,172.37
2026-09-14,XLP,210172000,83.38
2026-09-14,XLU,163274000,42.39
2026-09-14,XLB,71923696,50.95
2026-09-14,SOXX,7650000,527.07
2026-09-14,SPY,917782016,764.29
2026-09-14,QQQ,393100000,714.88
2026-09-14,IWM,281049984,288.89
2026-09-14,TLT,109700000,80.87
2026-09-14,GLD,260300000,398.77
2026-09-15,XLF,883444992,57.03
2026-09-15,XLE,186424000,64.53
2026-09-15,XLI,136626000,169.93
2026-09-15,XLP,210172000,84.42
2026-09-15,XLU,163274000,41.82
2026-09-15,XLB,71923696,50.49
2026-09-15,SOXX,7650000,497.4
2026-09-15,SPY,917782016,760.88
2026-09-15,QQQ,393100000,709.18
2026-09-15,IWM,281049984,287.91
2026-09-15,TLT,109700000,80.93
2026-09-15,GLD,260300000,392.84
2026-09-16,XLF,883444992,56.85
2026-09-16,XLE,186424000,65.93
2026-09-16,XLI,136626000,168.85
2026-09-16,XLP,210172000,83.73
2026-09-16,XLU,163274000,41.32
2026-09-16,XLB,71923696,50.73
2026-09-16,SOXX,7650000,498.85
2026-09-16,SPY,917782016,757.39
2026-09-16,QQQ,393100000,704.54
2026-09-16,IWM,281049984,285.14
2026-09-16,TLT,109700000,80.71
2026-09-16,GLD,260300000,394.15
2026-09-17,XLF,883444992,55.93
2026-09-17,XLE,186424000,64.03
2026-09-17,XLI,136626000,168.71
2026-09-17,XLP,210172000,83.33
2026-09-17,XLU,163274000,41.32
2026-09-17,XLB,71923696,50.36
2026-09-17,SOXX,7650000,502.06
2026-09-17,SPY,917782016,754.05
2026-09-17,QQQ,393100000,704.72
2026-09-17,IWM,281049984,283.92
2026-09-17,TLT,109700000,80.88
2026-09-17,GLD,260300000,391.74
2026-09-18,XLF,883444992,55.88
2026-09-18,XLE,186424000,64.48
2026-09-18,XLI,136626000,169.01
2026-09-18,XLP,210172000,83.49
2026-09-18,XLU,163274000,41.69
2026-09-18,XLB,71923696,50.71
2026-09-18,SOXX,7650000,519.1
2026-09-18,SPY,917782016,762.6
2026-09-18,QQQ,393100000,716.92
2026-09-18,IWM,281049984,285.43
2026-09-18,TLT,109700000,81.78
2026-09-18,GLD,260300000,398.36
2026-09-21,XLF,883444992,55.86
2026-09-21,XLE,186424000,64.31
2026-09-21,XLI,136626000,169.75
2026-09-21,XLP,210172000,82.8
2026-09-21,XLU,163274000,41.1
2026-09-21,XLB,71923696,49.99
2026-09-21,SOXX,7650000,533.07
2026-09-21,SPY,917782016,761.69
2026-09-21,QQQ,393100000,721.45
2026-09-21,IWM,281049984,284.1
2026-09-21,TLT,109700000,81.25
2026-09-21,GLD,260300000,401.17
2026-09-22,XLF,883444992,55.9
2026-09-22,XLE,186424000,62.46
2026-09-22,XLI,136626000,169.98
2026-09-22,XLP,210172000,81.92
2026-09-22,XLU,163274000,40.66
2026-09-22,XLB,71923696,49.71
2026-09-22,SOXX,7650000,559.34
2026-09-22,SPY,917782016,773.5
2026-09-22,QQQ,393100000,741.47
2026-09-22,IWM,281049984,285.58
2026-09-22,TLT,109700000,81.8
2026-09-22,GLD,260300000,398.38
