date,und,expiry,strike,type,oi_prev,oi_now,d_oi,prev_volume,spot
2026-07-26,SPY,2026-07-31,740.0,P,0,72202,72202,0,738.18
2026-07-26,QQQ,2026-07-31,695.0,P,0,57297,57297,0,691.96
2026-07-26,SPY,2026-07-31,720.0,P,0,54221,54221,0,738.18
2026-07-26,QQQ,2026-07-31,730.0,C,0,51348,51348,0,691.96
2026-07-26,QQQ,2026-07-31,736.0,C,0,46881,46881,0,691.96
2026-07-26,SPY,2026-07-31,715.0,P,0,45502,45502,0,738.18
2026-07-26,QQQ,2026-07-31,700.0,P,0,44449,44449,0,691.96
2026-07-26,QQQ,2026-07-31,733.0,C,0,42396,42396,0,691.96
2026-07-26,SPY,2026-07-31,725.0,P,0,42032,42032,0,738.18
2026-07-26,SPY,2026-07-31,710.0,P,0,40981,40981,0,738.18
2026-07-26,QQQ,2026-07-31,690.0,P,0,40382,40382,0,691.96
2026-07-26,SPY,2026-07-31,700.0,P,0,39830,39830,0,738.18
2026-07-26,QQQ,2026-07-31,740.0,C,0,35361,35361,0,691.96
2026-07-26,SPY,2026-07-31,755.0,C,0,34655,34655,0,738.18
2026-07-26,SPY,2026-07-31,750.0,P,0,34619,34619,0,738.18
2026-07-26,QQQ,2026-07-31,650.0,P,0,33853,33853,0,691.96
2026-07-26,SPY,2026-07-31,730.0,P,0,32759,32759,0,738.18
2026-07-26,QQQ,2026-07-31,680.0,P,0,32688,32688,0,691.96
2026-07-26,SPY,2026-07-31,743.0,P,0,29663,29663,0,738.18
2026-07-26,QQQ,2026-07-31,665.0,P,0,26725,26725,0,691.96
2026-07-26,SPY,2026-07-31,716.0,P,0,23583,23583,0,738.18
2026-07-26,SPY,2026-07-31,735.0,P,0,21939,21939,0,738.18
2026-07-26,QQQ,2026-07-31,660.0,P,0,21721,21721,0,691.96
2026-07-26,SPY,2026-07-31,681.0,P,0,21706,21706,0,738.18
2026-07-26,QQQ,2026-07-31,692.0,P,0,20580,20580,0,691.96
2026-07-26,SPY,2026-07-31,760.0,C,0,18176,18176,0,738.18
2026-07-26,SPY,2026-07-31,705.0,P,0,18054,18054,0,738.18
2026-07-26,SPY,2026-07-31,745.0,P,0,17148,17148,0,738.18
2026-07-26,SPY,2026-07-31,724.0,P,0,16622,16622,0,738.18
2026-07-26,SPY,2026-07-31,750.0,C,0,16448,16448,0,738.18
2026-07-26,SPY,2026-07-31,682.0,P,0,15992,15992,0,738.18
2026-07-26,QQQ,2026-07-31,670.0,P,0,15303,15303,0,691.96
2026-07-26,QQQ,2026-07-31,644.0,P,0,14191,14191,0,691.96
2026-07-26,SPY,2026-07-31,695.0,P,0,13387,13387,0,738.18
2026-07-26,QQQ,2026-07-31,685.0,P,0,13045,13045,0,691.96
2026-07-26,SPY,2026-07-31,765.0,C,0,12816,12816,0,738.18
2026-07-26,QQQ,2026-07-31,655.0,P,0,12207,12207,0,691.96
2026-07-26,QQQ,2026-07-31,640.0,P,0,12081,12081,0,691.96
2026-07-26,SPY,2026-07-31,680.0,P,0,11654,11654,0,738.18
2026-07-26,QQQ,2026-07-31,675.0,P,0,11549,11549,0,691.96
2026-07-26,SPY,2026-07-31,703.0,P,0,11342,11342,0,738.18
2026-07-26,QQQ,2026-07-31,635.0,P,0,11049,11049,0,691.96
2026-07-26,QQQ,2026-07-31,682.0,P,0,10618,10618,0,691.96
2026-07-26,QQQ,2026-07-31,720.0,C,0,10344,10344,0,691.96
2026-07-26,QQQ,2026-07-31,702.0,P,0,10144,10144,0,691.96
2026-07-26,SPY,2026-07-31,714.0,P,0,9715,9715,0,738.18
2026-07-26,SPY,2026-07-31,770.0,C,0,9503,9503,0,738.18
2026-07-26,QQQ,2026-07-31,725.0,C,0,9364,9364,0,691.96
2026-07-26,SPY,2026-07-31,745.0,C,0,9246,9246,0,738.18
2026-07-26,SPY,2026-07-31,800.0,C,0,9043,9043,0,738.18
2026-07-26,SPY,2026-07-31,670.0,P,0,8407,8407,0,738.18
2026-07-26,QQQ,2026-07-31,710.0,P,0,8341,8341,0,691.96
2026-07-26,SPY,2026-07-31,780.0,C,0,8319,8319,0,738.18
2026-07-26,SPY,2026-07-31,742.0,P,0,8136,8136,0,738.18
2026-07-26,SPY,2026-07-31,704.0,P,0,7916,7916,0,738.18
2026-07-26,SPY,2026-07-31,740.0,C,0,7876,7876,0,738.18
2026-07-26,QQQ,2026-07-31,743.0,C,0,7764,7764,0,691.96
2026-07-26,SPY,2026-07-31,690.0,P,0,7754,7754,0,738.18
2026-07-26,QQQ,2026-07-31,750.0,C,0,7751,7751,0,691.96
2026-07-26,SPY,2026-07-31,734.0,P,0,7637,7637,0,738.18
2026-07-26,SPY,2026-07-31,675.0,P,0,7510,7510,0,738.18
2026-07-26,QQQ,2026-07-31,710.0,C,0,7450,7450,0,691.96
2026-07-26,QQQ,2026-07-31,715.0,C,0,7124,7124,0,691.96
2026-07-26,QQQ,2026-07-31,755.0,C,0,6929,6929,0,691.96
2026-07-26,SPY,2026-07-31,700.0,C,0,6545,6545,0,738.18
2026-07-26,SPY,2026-07-31,761.0,C,0,6533,6533,0,738.18
2026-07-26,QQQ,2026-07-31,760.0,C,0,6419,6419,0,691.96
2026-07-26,SPY,2026-07-31,748.0,C,0,6344,6344,0,738.18
2026-07-26,SPY,2026-07-31,685.0,P,0,5968,5968,0,738.18
2026-07-26,QQQ,2026-07-31,708.0,P,0,5778,5778,0,691.96
2026-07-26,SPY,2026-07-31,752.0,C,0,5715,5715,0,738.18
2026-07-26,SPY,2026-07-31,785.0,C,0,5674,5674,0,738.18
2026-07-26,SPY,2026-07-31,758.0,C,0,5577,5577,0,738.18
2026-07-26,QQQ,2026-07-31,705.0,P,0,5431,5431,0,691.96
2026-07-26,QQQ,2026-07-31,703.0,P,0,5308,5308,0,691.96
2026-07-26,SPY,2026-07-31,790.0,C,0,5257,5257,0,738.18
2026-07-26,QQQ,2026-07-31,700.0,C,0,5210,5210,0,691.96
2026-07-26,SPY,2026-07-31,718.0,P,0,5192,5192,0,738.18
2026-07-26,QQQ,2026-07-31,676.0,P,0,5187,5187,0,691.96
2026-07-26,QQQ,2026-07-31,745.0,C,0,5075,5075,0,691.96
2026-07-27,QQQ,2026-07-31,620.0,P,0,32200,32200,0,679.88
2026-07-27,SPY,2026-07-27,717.0,P,8140,18932,10792,14016,737.8
2026-07-27,SPY,2026-07-27,750.0,C,4264,14282,10018,35687,737.8
2026-07-27,SPY,2026-07-27,718.0,P,1300,11313,10013,11921,737.8
2026-07-27,QQQ,2026-07-27,700.0,C,3987,12115,8128,38318,679.88
2026-07-27,SPY,2026-07-31,718.0,P,5192,13278,8086,14323,737.8
2026-07-27,SPY,2026-07-27,720.0,P,14529,22546,8017,29480,737.8
2026-07-27,SPY,2026-07-27,725.0,P,3159,10974,7815,23757,737.8
2026-07-27,QQQ,2026-07-30,650.0,P,786,8205,7419,8109,679.88
2026-07-27,SPY,2026-07-27,739.0,P,2367,9532,7165,86279,737.8
2026-07-27,QQQ,2026-07-28,615.0,P,0,6923,6923,0,679.88
2026-07-27,QQQ,2026-07-27,680.0,P,6791,13712,6921,50750,679.88
2026-07-27,QQQ,2026-07-31,690.0,C,2036,8838,6802,23077,679.88
2026-07-27,SPY,2026-07-27,745.0,C,5084,11590,6506,71910,737.8
2026-07-27,QQQ,2026-07-27,690.0,C,1699,8189,6490,52803,679.88
2026-07-27,SPY,2026-07-27,742.0,P,1340,7808,6468,41380,737.8
2026-07-27,SPY,2026-07-27,748.0,C,4527,10926,6399,50868,737.8
2026-07-27,SPY,2026-07-27,726.0,P,1351,7677,6326,15213,737.8
2026-07-27,QQQ,2026-07-31,684.0,P,2871,9173,6302,7725,679.88
2026-07-27,SPY,2026-07-27,743.0,C,1762,8004,6242,67774,737.8
2026-07-27,SPY,2026-07-29,719.0,P,1448,7652,6204,6923,737.8
2026-07-27,SPY,2026-07-27,736.0,P,2276,8143,5867,45753,737.8
2026-07-27,SPY,2026-07-27,740.0,P,4447,10235,5788,71031,737.8
2026-07-27,SPY,2026-07-30,716.0,P,340,5940,5600,6301,737.8
2026-07-27,SPY,2026-07-27,741.0,C,3004,8535,5531,58547,737.8
2026-07-27,SPY,2026-07-31,762.0,C,3202,8709,5507,12903,737.8
2026-07-27,SPY,2026-07-27,742.0,C,2531,7868,5337,67591,737.8
2026-07-27,QQQ,2026-07-30,640.0,P,874,6181,5307,5920,679.88
2026-07-27,SPY,2026-07-27,734.0,P,1427,6680,5253,43821,737.8
2026-07-27,QQQ,2026-07-31,705.0,C,1905,7106,5201,9336,679.88
2026-07-27,QQQ,2026-07-27,685.0,C,438,5524,5086,26775,679.88
2026-07-27,QQQ,2026-07-27,692.0,C,900,5978,5078,18668,679.88
2026-07-27,QQQ,2026-07-27,670.0,P,4999,10022,5023,21396,679.88
2026-07-28,SPY,2026-07-31,733.0,P,2463,29854,27391,3371,739.09
2026-07-28,SPY,2026-07-28,745.0,C,3300,17707,14407,38101,739.09
2026-07-28,SPY,2026-07-28,750.0,C,9848,21733,11885,21981,739.09
2026-07-28,SPY,2026-07-28,746.0,C,1942,12340,10398,23145,739.09
2026-07-28,QQQ,2026-07-28,690.0,C,2031,12034,10003,24932,682.12
2026-07-28,SPY,2026-07-28,743.0,C,1661,9675,8014,27149,739.09
2026-07-28,QQQ,2026-07-28,700.0,C,4923,12682,7759,17986,682.12
2026-07-28,QQQ,2026-07-31,750.0,C,0,7585,7585,0,682.12
2026-07-28,SPY,2026-07-28,740.0,C,5020,12339,7319,40932,739.09
2026-07-28,QQQ,2026-07-30,700.0,C,1583,8694,7111,3195,682.12
2026-07-28,SPY,2026-07-28,736.0,P,1014,7440,6426,26690,739.09
2026-07-28,QQQ,2026-07-28,695.0,C,2715,8903,6188,13094,682.12
2026-07-28,QQQ,2026-08-03,730.0,C,0,6084,6084,0,682.12
2026-07-28,SPY,2026-07-28,748.0,C,3187,9172,5985,19717,739.09
2026-07-28,SPY,2026-07-28,737.0,P,3132,9021,5889,33296,739.09
2026-07-28,SPY,2026-07-28,747.0,C,2621,8428,5807,22037,739.09
2026-07-28,QQQ,2026-07-28,677.0,P,571,6340,5769,10653,682.12
2026-07-28,QQQ,2026-07-29,696.0,C,275,5796,5521,5532,682.12
2026-07-28,SPY,2026-07-28,735.0,P,3962,9337,5375,16465,739.09
2026-07-28,SPY,2026-07-28,742.0,C,2805,8045,5240,29430,739.09
2026-07-28,SPY,2026-07-28,744.0,C,2066,7235,5169,28373,739.09
2026-07-28,QQQ,2026-07-31,695.0,C,4344,9513,5169,6623,682.12
