date,und,expiry,strike,type,oi,volume,spot
2026-10-01,SPY,2026-10-02,700.0,C,655,390,763.99
2026-10-01,SPY,2026-10-02,715.0,C,266,515,763.99
2026-10-01,SPY,2026-10-02,730.0,C,5354,135,763.99
2026-10-01,SPY,2026-10-02,745.0,C,1372,284,763.99
2026-10-01,SPY,2026-10-02,747.0,C,1025,155,763.99
2026-10-01,SPY,2026-10-02,748.0,C,144,545,763.99
2026-10-01,SPY,2026-10-02,749.0,C,419,586,763.99
2026-10-01,SPY,2026-10-02,750.0,C,2394,893,763.99
2026-10-01,SPY,2026-10-02,751.0,C,231,637,763.99
2026-10-01,SPY,2026-10-02,752.0,C,171,884,763.99
2026-10-01,SPY,2026-10-02,753.0,C,570,1980,763.99
2026-10-01,SPY,2026-10-02,754.0,C,898,1700,763.99
2026-10-01,SPY,2026-10-02,755.0,C,2982,2526,763.99
2026-10-01,SPY,2026-10-02,756.0,C,482,2601,763.99
2026-10-01,SPY,2026-10-02,757.0,C,570,6047,763.99
2026-10-01,SPY,2026-10-02,758.0,C,681,6296,763.99
2026-10-01,SPY,2026-10-02,759.0,C,434,14750,763.99
2026-10-01,SPY,2026-10-02,760.0,C,2493,47577,763.99
2026-10-01,SPY,2026-10-02,761.0,C,1014,46009,763.99
2026-10-01,SPY,2026-10-02,762.0,C,2204,53324,763.99
2026-10-01,SPY,2026-10-02,763.0,C,2726,58123,763.99
2026-10-01,SPY,2026-10-02,764.0,C,3553,78457,763.99
2026-10-01,SPY,2026-10-02,765.0,C,7400,103776,763.99
2026-10-01,SPY,2026-10-02,766.0,C,4743,58102,763.99
2026-10-01,SPY,2026-10-02,767.0,C,9225,55137,763.99
2026-10-01,SPY,2026-10-02,768.0,C,4451,46557,763.99
2026-10-01,SPY,2026-10-02,769.0,C,4744,34352,763.99
2026-10-01,SPY,2026-10-02,770.0,C,15400,73296,763.99
2026-10-01,SPY,2026-10-02,771.0,C,6420,27112,763.99
2026-10-01,SPY,2026-10-02,772.0,C,14151,38043,763.99
2026-10-01,SPY,2026-10-02,773.0,C,4624,23118,763.99
2026-10-01,SPY,2026-10-02,774.0,C,4886,17153,763.99
2026-10-01,SPY,2026-10-02,775.0,C,17640,32040,763.99
2026-10-01,SPY,2026-10-02,776.0,C,3087,7299,763.99
2026-10-01,SPY,2026-10-02,777.0,C,3765,5800,763.99
2026-10-01,SPY,2026-10-02,778.0,C,3057,5216,763.99
2026-10-01,SPY,2026-10-02,779.0,C,2652,3850,763.99
2026-10-01,SPY,2026-10-02,780.0,C,16236,5495,763.99
2026-10-01,SPY,2026-10-02,781.0,C,5220,3076,763.99
2026-10-01,SPY,2026-10-02,782.0,C,3022,2084,763.99
2026-10-01,SPY,2026-10-02,783.0,C,4554,1168,763.99
2026-10-01,SPY,2026-10-02,784.0,C,2935,1808,763.99
2026-10-01,SPY,2026-10-02,785.0,C,61292,5497,763.99
2026-10-01,SPY,2026-10-02,786.0,C,2195,2844,763.99
2026-10-01,SPY,2026-10-02,787.0,C,1939,245,763.99
2026-10-01,SPY,2026-10-02,788.0,C,2250,1335,763.99
2026-10-01,SPY,2026-10-02,789.0,C,2232,32,763.99
2026-10-01,SPY,2026-10-02,790.0,C,8352,1445,763.99
2026-10-01,SPY,2026-10-02,791.0,C,2532,33,763.99
2026-10-01,SPY,2026-10-02,792.0,C,1672,124,763.99
2026-10-01,SPY,2026-10-02,793.0,C,1207,2,763.99
2026-10-01,SPY,2026-10-02,794.0,C,1384,29,763.99
2026-10-01,SPY,2026-10-02,795.0,C,6347,317,763.99
2026-10-01,SPY,2026-10-02,796.0,C,1197,243,763.99
2026-10-01,SPY,2026-10-02,797.0,C,2356,246,763.99
2026-10-01,SPY,2026-10-02,798.0,C,1385,115,763.99
2026-10-01,SPY,2026-10-02,799.0,C,4984,599,763.99
2026-10-01,SPY,2026-10-02,800.0,C,7415,270,763.99
2026-10-01,SPY,2026-10-02,801.0,C,4907,296,763.99
2026-10-01,SPY,2026-10-02,803.0,C,1005,85,763.99
2026-10-01,SPY,2026-10-02,805.0,C,1233,525,763.99
2026-10-01,SPY,2026-10-02,806.0,C,1624,495,763.99
2026-10-01,SPY,2026-10-02,807.0,C,6717,8,763.99
2026-10-01,SPY,2026-10-02,808.0,C,1848,7,763.99
2026-10-01,SPY,2026-10-02,809.0,C,7151,8417,763.99
2026-10-01,SPY,2026-10-02,810.0,C,6141,10,763.99
2026-10-01,SPY,2026-10-02,811.0,C,1611,2,763.99
2026-10-01,SPY,2026-10-02,812.0,C,1019,5036,763.99
2026-10-01,SPY,2026-10-02,813.0,C,1233,246,763.99
2026-10-01,SPY,2026-10-02,814.0,C,1149,5117,763.99
2026-10-01,SPY,2026-10-02,815.0,C,1856,11,763.99
2026-10-01,SPY,2026-10-02,816.0,C,1370,2,763.99
2026-10-01,SPY,2026-10-02,817.0,C,6068,1,763.99
2026-10-01,SPY,2026-10-02,818.0,C,6365,115,763.99
2026-10-01,SPY,2026-10-02,820.0,C,509,292,763.99
2026-10-01,SPY,2026-10-02,821.0,C,873,9,763.99
2026-10-01,SPY,2026-10-02,822.0,C,885,5,763.99
2026-10-01,SPY,2026-10-02,823.0,C,921,736,763.99
2026-10-01,SPY,2026-10-02,824.0,C,1678,5,763.99
2026-10-01,SPY,2026-10-02,825.0,C,2616,1,763.99
2026-10-01,SPY,2026-10-02,830.0,C,894,2,763.99
2026-10-01,SPY,2026-10-02,835.0,C,1724,1758,763.99
2026-10-01,SPY,2026-10-02,840.0,C,1224,1,763.99
2026-10-01,SPY,2026-10-02,690.0,P,1617,327,763.99
2026-10-01,SPY,2026-10-02,695.0,P,3979,855,763.99
2026-10-01,SPY,2026-10-02,700.0,P,11207,267,763.99
2026-10-01,SPY,2026-10-02,705.0,P,2095,2198,763.99
2026-10-01,SPY,2026-10-02,710.0,P,8145,1345,763.99
2026-10-01,SPY,2026-10-02,715.0,P,4180,419,763.99
2026-10-01,SPY,2026-10-02,720.0,P,7113,2499,763.99
2026-10-01,SPY,2026-10-02,721.0,P,3221,12841,763.99
2026-10-01,SPY,2026-10-02,722.0,P,1885,5163,763.99
2026-10-01,SPY,2026-10-02,723.0,P,2696,2017,763.99
2026-10-01,SPY,2026-10-02,724.0,P,2355,3215,763.99
2026-10-01,SPY,2026-10-02,725.0,P,4427,187,763.99
2026-10-01,SPY,2026-10-02,726.0,P,582,483,763.99
2026-10-01,SPY,2026-10-02,727.0,P,2520,115,763.99
2026-10-01,SPY,2026-10-02,728.0,P,1051,335,763.99
2026-10-01,SPY,2026-10-02,729.0,P,7858,970,763.99
2026-10-01,SPY,2026-10-02,730.0,P,79356,2019,763.99
2026-10-01,SPY,2026-10-02,731.0,P,12043,1343,763.99
2026-10-01,SPY,2026-10-02,732.0,P,2350,3212,763.99
2026-10-01,SPY,2026-10-02,733.0,P,1195,21779,763.99
2026-10-01,SPY,2026-10-02,734.0,P,812,26712,763.99
2026-10-01,SPY,2026-10-02,735.0,P,10343,7447,763.99
2026-10-01,SPY,2026-10-02,736.0,P,6940,8928,763.99
2026-10-01,SPY,2026-10-02,737.0,P,1820,10893,763.99
2026-10-01,SPY,2026-10-02,738.0,P,1222,7579,763.99
2026-10-01,SPY,2026-10-02,739.0,P,1690,3838,763.99
2026-10-01,SPY,2026-10-02,740.0,P,9139,8407,763.99
2026-10-01,SPY,2026-10-02,741.0,P,4414,4010,763.99
2026-10-01,SPY,2026-10-02,742.0,P,5121,3744,763.99
2026-10-01,SPY,2026-10-02,743.0,P,2342,7339,763.99
2026-10-01,SPY,2026-10-02,744.0,P,5434,4586,763.99
2026-10-01,SPY,2026-10-02,745.0,P,68136,8132,763.99
2026-10-01,SPY,2026-10-02,746.0,P,6633,6642,763.99
2026-10-01,SPY,2026-10-02,747.0,P,14181,10651,763.99
2026-10-01,SPY,2026-10-02,748.0,P,5106,9392,763.99
2026-10-01,SPY,2026-10-02,749.0,P,4512,15255,763.99
2026-10-01,SPY,2026-10-02,750.0,P,20055,29950,763.99
2026-10-01,SPY,2026-10-02,751.0,P,2411,18970,763.99
2026-10-01,SPY,2026-10-02,752.0,P,3813,20482,763.99
2026-10-01,SPY,2026-10-02,753.0,P,5583,29757,763.99
2026-10-01,SPY,2026-10-02,754.0,P,3770,32626,763.99
2026-10-01,SPY,2026-10-02,755.0,P,13900,59226,763.99
2026-10-01,SPY,2026-10-02,756.0,P,3723,33446,763.99
2026-10-01,SPY,2026-10-02,757.0,P,4784,44733,763.99
2026-10-01,SPY,2026-10-02,758.0,P,5543,47510,763.99
2026-10-01,SPY,2026-10-02,759.0,P,4234,51963,763.99
2026-10-01,SPY,2026-10-02,760.0,P,13354,118905,763.99
2026-10-01,SPY,2026-10-02,761.0,P,3061,69553,763.99
2026-10-01,SPY,2026-10-02,762.0,P,3863,59047,763.99
2026-10-01,SPY,2026-10-02,763.0,P,5739,64118,763.99
2026-10-01,SPY,2026-10-02,764.0,P,3827,67811,763.99
2026-10-01,SPY,2026-10-02,765.0,P,16937,48439,763.99
2026-10-01,SPY,2026-10-02,766.0,P,3342,12968,763.99
2026-10-01,SPY,2026-10-02,767.0,P,5334,6584,763.99
2026-10-01,SPY,2026-10-02,768.0,P,3849,3617,763.99
2026-10-01,SPY,2026-10-02,769.0,P,2892,2897,763.99
2026-10-01,SPY,2026-10-02,770.0,P,4747,4152,763.99
2026-10-01,SPY,2026-10-02,771.0,P,1246,1936,763.99
2026-10-01,SPY,2026-10-02,772.0,P,2280,2498,763.99
2026-10-01,SPY,2026-10-02,773.0,P,1299,583,763.99
2026-10-01,SPY,2026-10-02,774.0,P,1969,522,763.99
2026-10-01,SPY,2026-10-02,775.0,P,1502,3179,763.99
2026-10-01,SPY,2026-10-02,776.0,P,580,1841,763.99
2026-10-01,SPY,2026-10-02,778.0,P,65,637,763.99
2026-10-01,SPY,2026-10-02,780.0,P,108,789,763.99
2026-10-01,SPY,2026-10-05,744.0,C,92,563,763.99
2026-10-01,SPY,2026-10-05,745.0,C,88,728,763.99
2026-10-01,SPY,2026-10-05,746.0,C,270,844,763.99
2026-10-01,SPY,2026-10-05,750.0,C,87,2195,763.99
2026-10-01,SPY,2026-10-05,751.0,C,253,807,763.99
2026-10-01,SPY,2026-10-05,752.0,C,69,1969,763.99
2026-10-01,SPY,2026-10-05,753.0,C,123,2335,763.99
2026-10-01,SPY,2026-10-05,754.0,C,162,2792,763.99
2026-10-01,SPY,2026-10-05,755.0,C,304,813,763.99
2026-10-01,SPY,2026-10-05,756.0,C,137,1008,763.99
2026-10-01,SPY,2026-10-05,757.0,C,80,1650,763.99
2026-10-01,SPY,2026-10-05,758.0,C,172,1858,763.99
2026-10-01,SPY,2026-10-05,759.0,C,220,2877,763.99
2026-10-01,SPY,2026-10-05,760.0,C,300,12384,763.99
2026-10-01,SPY,2026-10-05,761.0,C,201,8155,763.99
2026-10-01,SPY,2026-10-05,762.0,C,250,9037,763.99
2026-10-01,SPY,2026-10-05,763.0,C,344,12854,763.99
2026-10-01,SPY,2026-10-05,764.0,C,685,9663,763.99
2026-10-01,SPY,2026-10-05,765.0,C,1234,14943,763.99
2026-10-01,SPY,2026-10-05,766.0,C,1399,8673,763.99
2026-10-01,SPY,2026-10-05,767.0,C,1181,6463,763.99
2026-10-01,SPY,2026-10-05,768.0,C,1899,5389,763.99
2026-10-01,SPY,2026-10-05,769.0,C,1343,3302,763.99
2026-10-01,SPY,2026-10-05,770.0,C,2206,17419,763.99
2026-10-01,SPY,2026-10-05,771.0,C,1472,3975,763.99
2026-10-01,SPY,2026-10-05,772.0,C,814,3625,763.99
2026-10-01,SPY,2026-10-05,773.0,C,1042,4609,763.99
2026-10-01,SPY,2026-10-05,774.0,C,945,3922,763.99
2026-10-01,SPY,2026-10-05,775.0,C,2608,7770,763.99
2026-10-01,SPY,2026-10-05,776.0,C,682,3334,763.99
2026-10-01,SPY,2026-10-05,777.0,C,1068,3352,763.99
2026-10-01,SPY,2026-10-05,778.0,C,1133,1484,763.99
2026-10-01,SPY,2026-10-05,779.0,C,1103,1771,763.99
2026-10-01,SPY,2026-10-05,780.0,C,1882,3672,763.99
2026-10-01,SPY,2026-10-05,781.0,C,917,1900,763.99
2026-10-01,SPY,2026-10-05,782.0,C,440,1191,763.99
2026-10-01,SPY,2026-10-05,783.0,C,805,776,763.99
2026-10-01,SPY,2026-10-05,784.0,C,697,1259,763.99
2026-10-01,SPY,2026-10-05,785.0,C,828,609,763.99
2026-10-01,SPY,2026-10-05,786.0,C,1039,847,763.99
2026-10-01,SPY,2026-10-05,787.0,C,1028,85,763.99
2026-10-01,SPY,2026-10-05,788.0,C,538,98,763.99
2026-10-01,SPY,2026-10-05,789.0,C,396,1263,763.99
2026-10-01,SPY,2026-10-05,790.0,C,1162,588,763.99
2026-10-01,SPY,2026-10-05,791.0,C,458,1441,763.99
2026-10-01,SPY,2026-10-05,792.0,C,179,2482,763.99
2026-10-01,SPY,2026-10-05,793.0,C,319,33783,763.99
2026-10-01,SPY,2026-10-05,794.0,C,2149,2780,763.99
2026-10-01,SPY,2026-10-05,795.0,C,2839,85,763.99
2026-10-01,SPY,2026-10-05,796.0,C,707,4,763.99
2026-10-01,SPY,2026-10-05,797.0,C,596,2,763.99
2026-10-01,SPY,2026-10-05,800.0,C,1296,28,763.99
2026-10-01,SPY,2026-10-05,801.0,C,552,10,763.99
2026-10-01,SPY,2026-10-05,802.0,C,266,1869,763.99
2026-10-01,SPY,2026-10-05,803.0,C,290,883,763.99
2026-10-01,SPY,2026-10-05,805.0,C,1060,1045,763.99
2026-10-01,SPY,2026-10-05,825.0,C,218,702,763.99
2026-10-01,SPY,2026-10-05,710.0,P,1104,446,763.99
2026-10-01,SPY,2026-10-05,731.0,P,571,286,763.99
2026-10-01,SPY,2026-10-05,732.0,P,207,566,763.99
2026-10-01,SPY,2026-10-05,734.0,P,36,663,763.99
2026-10-01,SPY,2026-10-05,735.0,P,2544,680,763.99
2026-10-01,SPY,2026-10-05,736.0,P,1091,489,763.99
2026-10-01,SPY,2026-10-05,737.0,P,539,544,763.99
2026-10-01,SPY,2026-10-05,738.0,P,517,872,763.99
2026-10-01,SPY,2026-10-05,739.0,P,935,557,763.99
2026-10-01,SPY,2026-10-05,740.0,P,522,2315,763.99
2026-10-01,SPY,2026-10-05,741.0,P,443,1093,763.99
2026-10-01,SPY,2026-10-05,742.0,P,377,1260,763.99
2026-10-01,SPY,2026-10-05,743.0,P,196,2263,763.99
2026-10-01,SPY,2026-10-05,744.0,P,1117,1934,763.99
2026-10-01,SPY,2026-10-05,745.0,P,1348,3917,763.99
2026-10-01,SPY,2026-10-05,746.0,P,585,3373,763.99
2026-10-01,SPY,2026-10-05,747.0,P,1175,2495,763.99
2026-10-01,SPY,2026-10-05,748.0,P,882,3870,763.99
2026-10-01,SPY,2026-10-05,749.0,P,1003,2822,763.99
2026-10-01,SPY,2026-10-05,750.0,P,6868,7861,763.99
2026-10-01,SPY,2026-10-05,751.0,P,1387,2941,763.99
2026-10-01,SPY,2026-10-05,752.0,P,1495,5612,763.99
2026-10-01,SPY,2026-10-05,753.0,P,1255,4452,763.99
2026-10-01,SPY,2026-10-05,754.0,P,583,3133,763.99
2026-10-01,SPY,2026-10-05,755.0,P,5512,7428,763.99
2026-10-01,SPY,2026-10-05,756.0,P,936,2579,763.99
2026-10-01,SPY,2026-10-05,757.0,P,761,3878,763.99
2026-10-01,SPY,2026-10-05,758.0,P,468,4596,763.99
2026-10-01,SPY,2026-10-05,759.0,P,752,6471,763.99
2026-10-01,SPY,2026-10-05,760.0,P,1925,23321,763.99
2026-10-01,SPY,2026-10-05,761.0,P,680,9981,763.99
2026-10-01,SPY,2026-10-05,762.0,P,892,8324,763.99
2026-10-01,SPY,2026-10-05,763.0,P,1759,10404,763.99
2026-10-01,SPY,2026-10-05,764.0,P,1016,11515,763.99
2026-10-01,SPY,2026-10-05,765.0,P,1636,8283,763.99
2026-10-01,SPY,2026-10-05,766.0,P,1842,2161,763.99
2026-10-01,SPY,2026-10-05,767.0,P,1238,1071,763.99
2026-10-01,SPY,2026-10-05,768.0,P,1444,1568,763.99
2026-10-01,SPY,2026-10-05,769.0,P,1501,1396,763.99
2026-10-01,SPY,2026-10-05,770.0,P,1055,1882,763.99
2026-10-01,SPY,2026-10-05,771.0,P,699,1578,763.99
2026-10-01,SPY,2026-10-05,773.0,P,262,546,763.99
2026-10-01,SPY,2026-10-05,774.0,P,203,580,763.99
2026-10-01,SPY,2026-10-05,777.0,P,145,639,763.99
2026-10-01,SPY,2026-10-06,755.0,C,57,1710,763.99
2026-10-01,SPY,2026-10-06,757.0,C,32,618,763.99
2026-10-01,SPY,2026-10-06,760.0,C,155,2920,763.99
2026-10-01,SPY,2026-10-06,761.0,C,40,2960,763.99
2026-10-01,SPY,2026-10-06,762.0,C,120,2907,763.99
2026-10-01,SPY,2026-10-06,763.0,C,225,3405,763.99
2026-10-01,SPY,2026-10-06,764.0,C,420,3285,763.99
2026-10-01,SPY,2026-10-06,765.0,C,674,5445,763.99
2026-10-01,SPY,2026-10-06,766.0,C,576,2529,763.99
2026-10-01,SPY,2026-10-06,767.0,C,515,2780,763.99
2026-10-01,SPY,2026-10-06,768.0,C,1267,1752,763.99
2026-10-01,SPY,2026-10-06,769.0,C,434,3337,763.99
2026-10-01,SPY,2026-10-06,770.0,C,1477,4796,763.99
2026-10-01,SPY,2026-10-06,771.0,C,807,885,763.99
2026-10-01,SPY,2026-10-06,772.0,C,603,1105,763.99
2026-10-01,SPY,2026-10-06,773.0,C,691,1385,763.99
2026-10-01,SPY,2026-10-06,774.0,C,571,1221,763.99
2026-10-01,SPY,2026-10-06,775.0,C,3925,5615,763.99
2026-10-01,SPY,2026-10-06,776.0,C,572,1192,763.99
2026-10-01,SPY,2026-10-06,777.0,C,415,1299,763.99
2026-10-01,SPY,2026-10-06,778.0,C,475,1551,763.99
2026-10-01,SPY,2026-10-06,779.0,C,686,777,763.99
2026-10-01,SPY,2026-10-06,780.0,C,921,1475,763.99
2026-10-01,SPY,2026-10-06,781.0,C,586,715,763.99
2026-10-01,SPY,2026-10-06,782.0,C,1174,1139,763.99
2026-10-01,SPY,2026-10-06,783.0,C,517,686,763.99
2026-10-01,SPY,2026-10-06,785.0,C,825,278,763.99
2026-10-01,SPY,2026-10-06,786.0,C,2190,730,763.99
2026-10-01,SPY,2026-10-06,788.0,C,560,1587,763.99
2026-10-01,SPY,2026-10-06,789.0,C,974,815,763.99
2026-10-01,SPY,2026-10-06,790.0,C,513,37,763.99
2026-10-01,SPY,2026-10-06,791.0,C,702,20,763.99
2026-10-01,SPY,2026-10-06,792.0,C,189,715,763.99
2026-10-01,SPY,2026-10-06,797.0,C,545,130,763.99
2026-10-01,SPY,2026-10-06,798.0,C,555,43,763.99
2026-10-01,SPY,2026-10-06,800.0,C,896,506,763.99
2026-10-01,SPY,2026-10-06,803.0,C,554,122,763.99
2026-10-01,SPY,2026-10-06,805.0,C,819,120,763.99
2026-10-01,SPY,2026-10-06,810.0,C,44417,57,763.99
2026-10-01,SPY,2026-10-06,825.0,C,2923,138,763.99
2026-10-01,SPY,2026-10-06,835.0,C,265,1137,763.99
2026-10-01,SPY,2026-10-06,695.0,P,340,2063,763.99
2026-10-01,SPY,2026-10-06,700.0,P,786,556,763.99
2026-10-01,SPY,2026-10-06,705.0,P,341,3439,763.99
2026-10-01,SPY,2026-10-06,710.0,P,989,602,763.99
2026-10-01,SPY,2026-10-06,715.0,P,1081,1996,763.99
2026-10-01,SPY,2026-10-06,720.0,P,273,555,763.99
2026-10-01,SPY,2026-10-06,730.0,P,1022,770,763.99
2026-10-01,SPY,2026-10-06,732.0,P,206,706,763.99
2026-10-01,SPY,2026-10-06,735.0,P,593,300,763.99
2026-10-01,SPY,2026-10-06,737.0,P,337,503,763.99
2026-10-01,SPY,2026-10-06,738.0,P,103,1281,763.99
2026-10-01,SPY,2026-10-06,739.0,P,227,1155,763.99
2026-10-01,SPY,2026-10-06,740.0,P,1315,1206,763.99
2026-10-01,SPY,2026-10-06,741.0,P,281,578,763.99
2026-10-01,SPY,2026-10-06,742.0,P,642,1276,763.99
2026-10-01,SPY,2026-10-06,743.0,P,347,508,763.99
2026-10-01,SPY,2026-10-06,744.0,P,545,1126,763.99
2026-10-01,SPY,2026-10-06,745.0,P,874,871,763.99
2026-10-01,SPY,2026-10-06,746.0,P,282,781,763.99
2026-10-01,SPY,2026-10-06,747.0,P,470,922,763.99
2026-10-01,SPY,2026-10-06,748.0,P,757,1426,763.99
2026-10-01,SPY,2026-10-06,749.0,P,221,697,763.99
2026-10-01,SPY,2026-10-06,750.0,P,1532,4251,763.99
2026-10-01,SPY,2026-10-06,751.0,P,489,1210,763.99
2026-10-01,SPY,2026-10-06,752.0,P,158,1176,763.99
2026-10-01,SPY,2026-10-06,753.0,P,451,1236,763.99
2026-10-01,SPY,2026-10-06,754.0,P,858,1468,763.99
2026-10-01,SPY,2026-10-06,755.0,P,648,2155,763.99
2026-10-01,SPY,2026-10-06,756.0,P,279,862,763.99
2026-10-01,SPY,2026-10-06,757.0,P,536,834,763.99
2026-10-01,SPY,2026-10-06,758.0,P,351,1654,763.99
2026-10-01,SPY,2026-10-06,759.0,P,400,2176,763.99
2026-10-01,SPY,2026-10-06,760.0,P,984,8642,763.99
2026-10-01,SPY,2026-10-06,761.0,P,460,6668,763.99
2026-10-01,SPY,2026-10-06,762.0,P,406,3231,763.99
2026-10-01,SPY,2026-10-06,763.0,P,539,2913,763.99
2026-10-01,SPY,2026-10-06,764.0,P,617,7861,763.99
2026-10-01,SPY,2026-10-06,765.0,P,1399,1959,763.99
2026-10-01,SPY,2026-10-06,766.0,P,738,938,763.99
2026-10-01,SPY,2026-10-06,767.0,P,715,339,763.99
2026-10-01,SPY,2026-10-06,770.0,P,1146,1505,763.99
2026-10-01,SPY,2026-10-06,771.0,P,359,583,763.99
2026-10-01,SPY,2026-10-07,756.0,C,17,564,763.99
2026-10-01,SPY,2026-10-07,757.0,C,173,711,763.99
2026-10-01,SPY,2026-10-07,760.0,C,62,1453,763.99
2026-10-01,SPY,2026-10-07,761.0,C,49,1529,763.99
2026-10-01,SPY,2026-10-07,762.0,C,180,1454,763.99
2026-10-01,SPY,2026-10-07,763.0,C,396,1851,763.99
2026-10-01,SPY,2026-10-07,764.0,C,238,2424,763.99
2026-10-01,SPY,2026-10-07,765.0,C,587,4668,763.99
2026-10-01,SPY,2026-10-07,766.0,C,877,2030,763.99
2026-10-01,SPY,2026-10-07,767.0,C,852,1035,763.99
2026-10-01,SPY,2026-10-07,768.0,C,1351,1789,763.99
2026-10-01,SPY,2026-10-07,769.0,C,626,1290,763.99
2026-10-01,SPY,2026-10-07,770.0,C,933,3275,763.99
2026-10-01,SPY,2026-10-07,771.0,C,453,1051,763.99
2026-10-01,SPY,2026-10-07,772.0,C,719,1233,763.99
2026-10-01,SPY,2026-10-07,773.0,C,453,822,763.99
2026-10-01,SPY,2026-10-07,774.0,C,653,867,763.99
2026-10-01,SPY,2026-10-07,775.0,C,1273,1390,763.99
2026-10-01,SPY,2026-10-07,776.0,C,228,1510,763.99
2026-10-01,SPY,2026-10-07,777.0,C,659,668,763.99
2026-10-01,SPY,2026-10-07,778.0,C,518,1057,763.99
2026-10-01,SPY,2026-10-07,779.0,C,1036,2434,763.99
2026-10-01,SPY,2026-10-07,780.0,C,791,2980,763.99
2026-10-01,SPY,2026-10-07,781.0,C,276,1172,763.99
2026-10-01,SPY,2026-10-07,783.0,C,976,1383,763.99
2026-10-01,SPY,2026-10-07,784.0,C,636,1385,763.99
2026-10-01,SPY,2026-10-07,785.0,C,614,3378,763.99
2026-10-01,SPY,2026-10-07,786.0,C,301,1900,763.99
2026-10-01,SPY,2026-10-07,787.0,C,312,1886,763.99
2026-10-01,SPY,2026-10-07,789.0,C,137,594,763.99
2026-10-01,SPY,2026-10-07,790.0,C,1957,1101,763.99
2026-10-01,SPY,2026-10-07,799.0,C,124,2841,763.99
2026-10-01,SPY,2026-10-07,800.0,C,280,965,763.99
2026-10-01,SPY,2026-10-07,801.0,C,18,14126,763.99
2026-10-01,SPY,2026-10-07,802.0,C,33,16896,763.99
2026-10-01,SPY,2026-10-07,806.0,C,1276,160,763.99
2026-10-01,SPY,2026-10-07,808.0,C,6854,621,763.99
2026-10-01,SPY,2026-10-07,809.0,C,1043,936,763.99
2026-10-01,SPY,2026-10-07,810.0,C,11796,4369,763.99
2026-10-01,SPY,2026-10-07,830.0,C,1132,170,763.99
2026-10-01,SPY,2026-10-07,700.0,P,990,996,763.99
2026-10-01,SPY,2026-10-07,720.0,P,1100,828,763.99
2026-10-01,SPY,2026-10-07,730.0,P,123,1821,763.99
2026-10-01,SPY,2026-10-07,731.0,P,30,3639,763.99
2026-10-01,SPY,2026-10-07,732.0,P,158,2529,763.99
2026-10-01,SPY,2026-10-07,734.0,P,54,900,763.99
2026-10-01,SPY,2026-10-07,735.0,P,765,299,763.99
2026-10-01,SPY,2026-10-07,736.0,P,140,1535,763.99
2026-10-01,SPY,2026-10-07,737.0,P,284,1446,763.99
2026-10-01,SPY,2026-10-07,739.0,P,351,1920,763.99
2026-10-01,SPY,2026-10-07,740.0,P,10258,2690,763.99
2026-10-01,SPY,2026-10-07,741.0,P,186,701,763.99
2026-10-01,SPY,2026-10-07,742.0,P,291,1002,763.99
2026-10-01,SPY,2026-10-07,743.0,P,291,975,763.99
2026-10-01,SPY,2026-10-07,744.0,P,383,721,763.99
2026-10-01,SPY,2026-10-07,745.0,P,1093,1449,763.99
2026-10-01,SPY,2026-10-07,746.0,P,499,1208,763.99
2026-10-01,SPY,2026-10-07,747.0,P,280,2046,763.99
2026-10-01,SPY,2026-10-07,748.0,P,321,1601,763.99
2026-10-01,SPY,2026-10-07,749.0,P,801,1033,763.99
2026-10-01,SPY,2026-10-07,750.0,P,847,1758,763.99
2026-10-01,SPY,2026-10-07,751.0,P,282,1295,763.99
2026-10-01,SPY,2026-10-07,752.0,P,293,1268,763.99
2026-10-01,SPY,2026-10-07,753.0,P,539,1464,763.99
2026-10-01,SPY,2026-10-07,754.0,P,450,1381,763.99
2026-10-01,SPY,2026-10-07,755.0,P,638,1706,763.99
2026-10-01,SPY,2026-10-07,756.0,P,577,694,763.99
2026-10-01,SPY,2026-10-07,757.0,P,408,1092,763.99
2026-10-01,SPY,2026-10-07,758.0,P,369,1699,763.99
2026-10-01,SPY,2026-10-07,759.0,P,381,840,763.99
2026-10-01,SPY,2026-10-07,760.0,P,14543,13889,763.99
2026-10-01,SPY,2026-10-07,761.0,P,143,961,763.99
2026-10-01,SPY,2026-10-07,762.0,P,296,1484,763.99
2026-10-01,SPY,2026-10-07,763.0,P,259,1044,763.99
2026-10-01,SPY,2026-10-07,764.0,P,1720,2861,763.99
2026-10-01,SPY,2026-10-07,765.0,P,923,1357,763.99
2026-10-01,SPY,2026-10-07,766.0,P,398,705,763.99
2026-10-01,SPY,2026-10-07,767.0,P,482,675,763.99
2026-10-01,SPY,2026-10-07,768.0,P,517,157,763.99
2026-10-01,SPY,2026-10-07,769.0,P,326,522,763.99
2026-10-01,SPY,2026-10-07,770.0,P,469,1892,763.99
2026-10-01,SPY,2026-10-08,760.0,C,65,602,763.99
2026-10-01,SPY,2026-10-08,761.0,C,14,722,763.99
2026-10-01,SPY,2026-10-08,762.0,C,67,1744,763.99
2026-10-01,SPY,2026-10-08,764.0,C,292,2629,763.99
2026-10-01,SPY,2026-10-08,765.0,C,576,2299,763.99
2026-10-01,SPY,2026-10-08,766.0,C,113,800,763.99
2026-10-01,SPY,2026-10-08,767.0,C,303,1038,763.99
2026-10-01,SPY,2026-10-08,768.0,C,1283,1497,763.99
2026-10-01,SPY,2026-10-08,769.0,C,612,659,763.99
2026-10-01,SPY,2026-10-08,770.0,C,728,1621,763.99
2026-10-01,SPY,2026-10-08,771.0,C,281,606,763.99
2026-10-01,SPY,2026-10-08,772.0,C,200,1023,763.99
2026-10-01,SPY,2026-10-08,773.0,C,500,1276,763.99
2026-10-01,SPY,2026-10-08,774.0,C,192,1060,763.99
2026-10-01,SPY,2026-10-08,775.0,C,509,659,763.99
2026-10-01,SPY,2026-10-08,776.0,C,210,845,763.99
2026-10-01,SPY,2026-10-08,780.0,C,628,1397,763.99
2026-10-01,SPY,2026-10-08,781.0,C,501,633,763.99
2026-10-01,SPY,2026-10-08,786.0,C,754,465,763.99
2026-10-01,SPY,2026-10-08,787.0,C,624,2620,763.99
2026-10-01,SPY,2026-10-08,789.0,C,871,267,763.99
2026-10-01,SPY,2026-10-08,810.0,C,93,3921,763.99
2026-10-01,SPY,2026-10-08,710.0,P,157,1122,763.99
2026-10-01,SPY,2026-10-08,725.0,P,181,1045,763.99
2026-10-01,SPY,2026-10-08,726.0,P,8,862,763.99
2026-10-01,SPY,2026-10-08,730.0,P,549,442,763.99
2026-10-01,SPY,2026-10-08,733.0,P,848,283,763.99
2026-10-01,SPY,2026-10-08,734.0,P,90,858,763.99
2026-10-01,SPY,2026-10-08,735.0,P,884,569,763.99
2026-10-01,SPY,2026-10-08,738.0,P,487,1134,763.99
2026-10-01,SPY,2026-10-08,739.0,P,211,638,763.99
2026-10-01,SPY,2026-10-08,740.0,P,748,580,763.99
2026-10-01,SPY,2026-10-08,741.0,P,441,536,763.99
2026-10-01,SPY,2026-10-08,745.0,P,494,1058,763.99
2026-10-01,SPY,2026-10-08,746.0,P,72,5123,763.99
2026-10-01,SPY,2026-10-08,748.0,P,530,1533,763.99
2026-10-01,SPY,2026-10-08,750.0,P,876,958,763.99
2026-10-01,SPY,2026-10-08,751.0,P,488,665,763.99
2026-10-01,SPY,2026-10-08,753.0,P,415,828,763.99
2026-10-01,SPY,2026-10-08,754.0,P,112,624,763.99
2026-10-01,SPY,2026-10-08,755.0,P,832,1372,763.99
2026-10-01,SPY,2026-10-08,756.0,P,177,781,763.99
2026-10-01,SPY,2026-10-08,757.0,P,285,587,763.99
2026-10-01,SPY,2026-10-08,758.0,P,218,767,763.99
2026-10-01,SPY,2026-10-08,759.0,P,175,640,763.99
2026-10-01,SPY,2026-10-08,760.0,P,948,1784,763.99
2026-10-01,SPY,2026-10-08,761.0,P,182,951,763.99
2026-10-01,SPY,2026-10-08,762.0,P,93,1528,763.99
2026-10-01,SPY,2026-10-08,763.0,P,308,1204,763.99
2026-10-01,SPY,2026-10-08,764.0,P,718,1765,763.99
2026-10-01,SPY,2026-10-08,765.0,P,1130,3101,763.99
2026-10-01,SPY,2026-10-08,766.0,P,164,676,763.99
2026-10-01,SPY,2026-10-08,767.0,P,271,538,763.99
2026-10-01,QQQ,2026-10-02,700.0,C,703,26,742.03
2026-10-01,QQQ,2026-10-02,705.0,C,1269,26,742.03
2026-10-01,QQQ,2026-10-02,707.0,C,515,36,742.03
2026-10-01,QQQ,2026-10-02,710.0,C,1686,166,742.03
2026-10-01,QQQ,2026-10-02,711.0,C,527,11,742.03
2026-10-01,QQQ,2026-10-02,715.0,C,1792,67,742.03
2026-10-01,QQQ,2026-10-02,718.0,C,953,64,742.03
2026-10-01,QQQ,2026-10-02,719.0,C,538,123,742.03
2026-10-01,QQQ,2026-10-02,720.0,C,1759,237,742.03
2026-10-01,QQQ,2026-10-02,722.0,C,550,315,742.03
2026-10-01,QQQ,2026-10-02,724.0,C,594,181,742.03
2026-10-01,QQQ,2026-10-02,725.0,C,35092,784,742.03
2026-10-01,QQQ,2026-10-02,726.0,C,530,189,742.03
2026-10-01,QQQ,2026-10-02,727.0,C,633,285,742.03
2026-10-01,QQQ,2026-10-02,728.0,C,706,115,742.03
2026-10-01,QQQ,2026-10-02,729.0,C,553,176,742.03
2026-10-01,QQQ,2026-10-02,730.0,C,2914,1189,742.03
2026-10-01,QQQ,2026-10-02,731.0,C,1199,289,742.03
2026-10-01,QQQ,2026-10-02,732.0,C,5212,803,742.03
2026-10-01,QQQ,2026-10-02,733.0,C,799,973,742.03
2026-10-01,QQQ,2026-10-02,734.0,C,1064,1003,742.03
2026-10-01,QQQ,2026-10-02,735.0,C,4159,4606,742.03
2026-10-01,QQQ,2026-10-02,736.0,C,1763,6092,742.03
2026-10-01,QQQ,2026-10-02,737.0,C,1932,10888,742.03
2026-10-01,QQQ,2026-10-02,738.0,C,2721,34729,742.03
2026-10-01,QQQ,2026-10-02,739.0,C,1705,28823,742.03
2026-10-01,QQQ,2026-10-02,740.0,C,6803,50552,742.03
2026-10-01,QQQ,2026-10-02,741.0,C,2391,44652,742.03
2026-10-01,QQQ,2026-10-02,742.0,C,2734,43722,742.03
2026-10-01,QQQ,2026-10-02,743.0,C,1775,52405,742.03
2026-10-01,QQQ,2026-10-02,744.0,C,3233,38886,742.03
2026-10-01,QQQ,2026-10-02,745.0,C,19847,81000,742.03
2026-10-01,QQQ,2026-10-02,746.0,C,2760,27596,742.03
2026-10-01,QQQ,2026-10-02,747.0,C,1935,24775,742.03
2026-10-01,QQQ,2026-10-02,748.0,C,3843,21684,742.03
2026-10-01,QQQ,2026-10-02,749.0,C,2218,17101,742.03
2026-10-01,QQQ,2026-10-02,750.0,C,16335,62396,742.03
2026-10-01,QQQ,2026-10-02,751.0,C,3530,18281,742.03
2026-10-01,QQQ,2026-10-02,752.0,C,8587,17335,742.03
2026-10-01,QQQ,2026-10-02,753.0,C,3145,13697,742.03
2026-10-01,QQQ,2026-10-02,754.0,C,7043,11267,742.03
2026-10-01,QQQ,2026-10-02,755.0,C,18853,19690,742.03
2026-10-01,QQQ,2026-10-02,756.0,C,3646,6946,742.03
2026-10-01,QQQ,2026-10-02,757.0,C,1737,5632,742.03
2026-10-01,QQQ,2026-10-02,758.0,C,1596,4508,742.03
2026-10-01,QQQ,2026-10-02,759.0,C,2605,2655,742.03
2026-10-01,QQQ,2026-10-02,760.0,C,16101,13318,742.03
2026-10-01,QQQ,2026-10-02,761.0,C,1996,1161,742.03
2026-10-01,QQQ,2026-10-02,762.0,C,1386,2543,742.03
2026-10-01,QQQ,2026-10-02,763.0,C,1349,3208,742.03
2026-10-01,QQQ,2026-10-02,764.0,C,1321,1722,742.03
2026-10-01,QQQ,2026-10-02,765.0,C,4743,3944,742.03
2026-10-01,QQQ,2026-10-02,766.0,C,755,985,742.03
2026-10-01,QQQ,2026-10-02,767.0,C,913,917,742.03
2026-10-01,QQQ,2026-10-02,768.0,C,1195,1679,742.03
2026-10-01,QQQ,2026-10-02,769.0,C,1622,821,742.03
2026-10-01,QQQ,2026-10-02,770.0,C,4522,1224,742.03
2026-10-01,QQQ,2026-10-02,771.0,C,657,529,742.03
2026-10-01,QQQ,2026-10-02,772.0,C,943,570,742.03
2026-10-01,QQQ,2026-10-02,773.0,C,519,1198,742.03
2026-10-01,QQQ,2026-10-02,774.0,C,834,598,742.03
2026-10-01,QQQ,2026-10-02,775.0,C,2708,1064,742.03
2026-10-01,QQQ,2026-10-02,780.0,C,4435,619,742.03
2026-10-01,QQQ,2026-10-02,785.0,C,4573,41,742.03
2026-10-01,QQQ,2026-10-02,790.0,C,2360,132,742.03
2026-10-01,QQQ,2026-10-02,795.0,C,1490,996,742.03
2026-10-01,QQQ,2026-10-02,800.0,C,3599,78,742.03
2026-10-01,QQQ,2026-10-02,805.0,C,2184,100,742.03
2026-10-01,QQQ,2026-10-02,815.0,C,326,1440,742.03
2026-10-01,QQQ,2026-10-02,670.0,P,8074,2300,742.03
2026-10-01,QQQ,2026-10-02,675.0,P,3866,2714,742.03
2026-10-01,QQQ,2026-10-02,676.0,P,703,2733,742.03
2026-10-01,QQQ,2026-10-02,677.0,P,1891,2217,742.03
2026-10-01,QQQ,2026-10-02,678.0,P,1125,1739,742.03
2026-10-01,QQQ,2026-10-02,679.0,P,1023,1914,742.03
2026-10-01,QQQ,2026-10-02,680.0,P,3043,2681,742.03
2026-10-01,QQQ,2026-10-02,681.0,P,305,2387,742.03
2026-10-01,QQQ,2026-10-02,682.0,P,1365,1894,742.03
2026-10-01,QQQ,2026-10-02,683.0,P,1271,1990,742.03
2026-10-01,QQQ,2026-10-02,684.0,P,556,2371,742.03
2026-10-01,QQQ,2026-10-02,685.0,P,5423,2448,742.03
2026-10-01,QQQ,2026-10-02,686.0,P,1246,2417,742.03
2026-10-01,QQQ,2026-10-02,687.0,P,1586,4991,742.03
2026-10-01,QQQ,2026-10-02,688.0,P,2814,5957,742.03
2026-10-01,QQQ,2026-10-02,689.0,P,4961,3653,742.03
2026-10-01,QQQ,2026-10-02,690.0,P,22846,3472,742.03
2026-10-01,QQQ,2026-10-02,691.0,P,1554,2789,742.03
2026-10-01,QQQ,2026-10-02,692.0,P,2115,5102,742.03
2026-10-01,QQQ,2026-10-02,693.0,P,1149,6377,742.03
2026-10-01,QQQ,2026-10-02,694.0,P,1032,2926,742.03
2026-10-01,QQQ,2026-10-02,695.0,P,2531,1911,742.03
2026-10-01,QQQ,2026-10-02,696.0,P,563,1741,742.03
2026-10-01,QQQ,2026-10-02,697.0,P,1723,1772,742.03
2026-10-01,QQQ,2026-10-02,698.0,P,5161,4232,742.03
2026-10-01,QQQ,2026-10-02,699.0,P,2532,2660,742.03
2026-10-01,QQQ,2026-10-02,700.0,P,9584,2073,742.03
2026-10-01,QQQ,2026-10-02,701.0,P,1719,488,742.03
2026-10-01,QQQ,2026-10-02,702.0,P,1252,3473,742.03
2026-10-01,QQQ,2026-10-02,703.0,P,1176,1126,742.03
2026-10-01,QQQ,2026-10-02,704.0,P,3785,2970,742.03
2026-10-01,QQQ,2026-10-02,705.0,P,7259,2288,742.03
2026-10-01,QQQ,2026-10-02,706.0,P,1180,1689,742.03
2026-10-01,QQQ,2026-10-02,707.0,P,1428,967,742.03
2026-10-01,QQQ,2026-10-02,708.0,P,1726,1485,742.03
2026-10-01,QQQ,2026-10-02,709.0,P,4634,2086,742.03
2026-10-01,QQQ,2026-10-02,710.0,P,7848,3819,742.03
2026-10-01,QQQ,2026-10-02,711.0,P,1899,2242,742.03
2026-10-01,QQQ,2026-10-02,712.0,P,4549,3009,742.03
2026-10-01,QQQ,2026-10-02,713.0,P,2209,1573,742.03
2026-10-01,QQQ,2026-10-02,714.0,P,3583,2948,742.03
2026-10-01,QQQ,2026-10-02,715.0,P,35443,6514,742.03
2026-10-01,QQQ,2026-10-02,716.0,P,2705,2206,742.03
2026-10-01,QQQ,2026-10-02,717.0,P,1640,3022,742.03
2026-10-01,QQQ,2026-10-02,718.0,P,2594,3804,742.03
2026-10-01,QQQ,2026-10-02,719.0,P,2529,7406,742.03
2026-10-01,QQQ,2026-10-02,720.0,P,7325,12087,742.03
2026-10-01,QQQ,2026-10-02,721.0,P,1910,8688,742.03
2026-10-01,QQQ,2026-10-02,722.0,P,2635,10158,742.03
2026-10-01,QQQ,2026-10-02,723.0,P,1652,9876,742.03
2026-10-01,QQQ,2026-10-02,724.0,P,2492,9601,742.03
2026-10-01,QQQ,2026-10-02,725.0,P,32932,25890,742.03
2026-10-01,QQQ,2026-10-02,726.0,P,2242,11265,742.03
2026-10-01,QQQ,2026-10-02,727.0,P,2344,29053,742.03
2026-10-01,QQQ,2026-10-02,728.0,P,4128,14739,742.03
2026-10-01,QQQ,2026-10-02,729.0,P,3594,10671,742.03
2026-10-01,QQQ,2026-10-02,730.0,P,48924,66919,742.03
2026-10-01,QQQ,2026-10-02,731.0,P,2148,17939,742.03
2026-10-01,QQQ,2026-10-02,732.0,P,2457,21378,742.03
2026-10-01,QQQ,2026-10-02,733.0,P,7873,19441,742.03
2026-10-01,QQQ,2026-10-02,734.0,P,2462,22297,742.03
2026-10-01,QQQ,2026-10-02,735.0,P,10433,50226,742.03
2026-10-01,QQQ,2026-10-02,736.0,P,9031,36762,742.03
2026-10-01,QQQ,2026-10-02,737.0,P,2823,34995,742.03
2026-10-01,QQQ,2026-10-02,738.0,P,9843,88656,742.03
2026-10-01,QQQ,2026-10-02,739.0,P,9007,45320,742.03
2026-10-01,QQQ,2026-10-02,740.0,P,13421,80857,742.03
2026-10-01,QQQ,2026-10-02,741.0,P,1868,26651,742.03
2026-10-01,QQQ,2026-10-02,742.0,P,2822,53280,742.03
2026-10-01,QQQ,2026-10-02,743.0,P,2336,33265,742.03
2026-10-01,QQQ,2026-10-02,744.0,P,2417,15443,742.03
2026-10-01,QQQ,2026-10-02,745.0,P,3972,10320,742.03
2026-10-01,QQQ,2026-10-02,746.0,P,1032,3894,742.03
2026-10-01,QQQ,2026-10-02,747.0,P,665,1487,742.03
2026-10-01,QQQ,2026-10-02,748.0,P,383,915,742.03
2026-10-01,QQQ,2026-10-02,749.0,P,353,819,742.03
2026-10-01,QQQ,2026-10-02,750.0,P,1239,2422,742.03
2026-10-01,QQQ,2026-10-05,732.0,C,141,571,742.03
2026-10-01,QQQ,2026-10-05,736.0,C,367,893,742.03
2026-10-01,QQQ,2026-10-05,737.0,C,471,1819,742.03
2026-10-01,QQQ,2026-10-05,738.0,C,371,3806,742.03
2026-10-01,QQQ,2026-10-05,739.0,C,419,3581,742.03
2026-10-01,QQQ,2026-10-05,740.0,C,1189,9018,742.03
2026-10-01,QQQ,2026-10-05,741.0,C,714,5563,742.03
2026-10-01,QQQ,2026-10-05,742.0,C,511,7218,742.03
2026-10-01,QQQ,2026-10-05,743.0,C,749,5785,742.03
2026-10-01,QQQ,2026-10-05,744.0,C,408,5070,742.03
2026-10-01,QQQ,2026-10-05,745.0,C,1399,10274,742.03
2026-10-01,QQQ,2026-10-05,746.0,C,445,3547,742.03
2026-10-01,QQQ,2026-10-05,747.0,C,161,4419,742.03
2026-10-01,QQQ,2026-10-05,748.0,C,478,4427,742.03
2026-10-01,QQQ,2026-10-05,749.0,C,226,3832,742.03
2026-10-01,QQQ,2026-10-05,750.0,C,1718,13238,742.03
2026-10-01,QQQ,2026-10-05,751.0,C,211,2314,742.03
2026-10-01,QQQ,2026-10-05,752.0,C,318,2686,742.03
2026-10-01,QQQ,2026-10-05,753.0,C,577,8976,742.03
2026-10-01,QQQ,2026-10-05,754.0,C,248,2242,742.03
2026-10-01,QQQ,2026-10-05,755.0,C,7755,11923,742.03
2026-10-01,QQQ,2026-10-05,756.0,C,1641,2746,742.03
2026-10-01,QQQ,2026-10-05,757.0,C,964,3327,742.03
2026-10-01,QQQ,2026-10-05,758.0,C,435,1977,742.03
2026-10-01,QQQ,2026-10-05,759.0,C,666,2968,742.03
2026-10-01,QQQ,2026-10-05,760.0,C,8018,8810,742.03
2026-10-01,QQQ,2026-10-05,761.0,C,281,1442,742.03
2026-10-01,QQQ,2026-10-05,762.0,C,911,1056,742.03
2026-10-01,QQQ,2026-10-05,763.0,C,706,451,742.03
2026-10-01,QQQ,2026-10-05,765.0,C,927,1067,742.03
2026-10-01,QQQ,2026-10-05,767.0,C,1542,857,742.03
2026-10-01,QQQ,2026-10-05,770.0,C,644,231,742.03
2026-10-01,QQQ,2026-10-05,775.0,C,868,322,742.03
2026-10-01,QQQ,2026-10-05,780.0,C,1334,228,742.03
2026-10-01,QQQ,2026-10-05,785.0,C,564,25,742.03
2026-10-01,QQQ,2026-10-05,815.0,C,95,1044,742.03
2026-10-01,QQQ,2026-10-05,670.0,P,669,1932,742.03
2026-10-01,QQQ,2026-10-05,675.0,P,1278,187,742.03
2026-10-01,QQQ,2026-10-05,680.0,P,1359,404,742.03
2026-10-01,QQQ,2026-10-05,685.0,P,1649,315,742.03
2026-10-01,QQQ,2026-10-05,690.0,P,702,331,742.03
2026-10-01,QQQ,2026-10-05,692.0,P,801,32,742.03
2026-10-01,QQQ,2026-10-05,695.0,P,999,76,742.03
2026-10-01,QQQ,2026-10-05,700.0,P,3408,3144,742.03
2026-10-01,QQQ,2026-10-05,705.0,P,1975,767,742.03
2026-10-01,QQQ,2026-10-05,706.0,P,603,203,742.03
2026-10-01,QQQ,2026-10-05,710.0,P,1547,723,742.03
2026-10-01,QQQ,2026-10-05,711.0,P,4727,576,742.03
2026-10-01,QQQ,2026-10-05,712.0,P,186,793,742.03
2026-10-01,QQQ,2026-10-05,713.0,P,259,1580,742.03
2026-10-01,QQQ,2026-10-05,714.0,P,768,1052,742.03
2026-10-01,QQQ,2026-10-05,715.0,P,1944,1724,742.03
2026-10-01,QQQ,2026-10-05,716.0,P,256,1615,742.03
2026-10-01,QQQ,2026-10-05,717.0,P,256,1285,742.03
2026-10-01,QQQ,2026-10-05,718.0,P,305,1394,742.03
2026-10-01,QQQ,2026-10-05,719.0,P,1077,1990,742.03
2026-10-01,QQQ,2026-10-05,720.0,P,7095,2403,742.03
2026-10-01,QQQ,2026-10-05,721.0,P,352,1790,742.03
2026-10-01,QQQ,2026-10-05,722.0,P,558,1691,742.03
2026-10-01,QQQ,2026-10-05,723.0,P,248,1456,742.03
2026-10-01,QQQ,2026-10-05,724.0,P,191,1733,742.03
2026-10-01,QQQ,2026-10-05,725.0,P,7719,5576,742.03
2026-10-01,QQQ,2026-10-05,726.0,P,305,1949,742.03
2026-10-01,QQQ,2026-10-05,727.0,P,325,1809,742.03
2026-10-01,QQQ,2026-10-05,728.0,P,293,1792,742.03
2026-10-01,QQQ,2026-10-05,729.0,P,207,2543,742.03
2026-10-01,QQQ,2026-10-05,730.0,P,2944,6675,742.03
2026-10-01,QQQ,2026-10-05,731.0,P,204,3026,742.03
2026-10-01,QQQ,2026-10-05,732.0,P,287,3919,742.03
2026-10-01,QQQ,2026-10-05,733.0,P,311,5494,742.03
2026-10-01,QQQ,2026-10-05,734.0,P,753,3998,742.03
2026-10-01,QQQ,2026-10-05,735.0,P,1158,16884,742.03
2026-10-01,QQQ,2026-10-05,736.0,P,7551,34982,742.03
2026-10-01,QQQ,2026-10-05,737.0,P,1426,8044,742.03
2026-10-01,QQQ,2026-10-05,738.0,P,923,6330,742.03
2026-10-01,QQQ,2026-10-05,739.0,P,538,4538,742.03
2026-10-01,QQQ,2026-10-05,740.0,P,1240,9431,742.03
2026-10-01,QQQ,2026-10-05,741.0,P,323,4398,742.03
2026-10-01,QQQ,2026-10-05,742.0,P,308,6324,742.03
2026-10-01,QQQ,2026-10-05,743.0,P,529,4269,742.03
2026-10-01,QQQ,2026-10-05,744.0,P,463,3238,742.03
2026-10-01,QQQ,2026-10-05,745.0,P,633,934,742.03
2026-10-01,QQQ,2026-10-05,746.0,P,299,726,742.03
2026-10-01,QQQ,2026-10-06,738.0,C,1279,1013,742.03
2026-10-01,QQQ,2026-10-06,739.0,C,282,1036,742.03
2026-10-01,QQQ,2026-10-06,740.0,C,1434,2651,742.03
2026-10-01,QQQ,2026-10-06,741.0,C,104,947,742.03
2026-10-01,QQQ,2026-10-06,742.0,C,162,1514,742.03
2026-10-01,QQQ,2026-10-06,743.0,C,336,1412,742.03
2026-10-01,QQQ,2026-10-06,744.0,C,467,1675,742.03
2026-10-01,QQQ,2026-10-06,745.0,C,878,1652,742.03
2026-10-01,QQQ,2026-10-06,746.0,C,78,659,742.03
2026-10-01,QQQ,2026-10-06,747.0,C,827,874,742.03
2026-10-01,QQQ,2026-10-06,748.0,C,734,1169,742.03
2026-10-01,QQQ,2026-10-06,750.0,C,897,2476,742.03
2026-10-01,QQQ,2026-10-06,755.0,C,539,841,742.03
2026-10-01,QQQ,2026-10-06,756.0,C,136,892,742.03
2026-10-01,QQQ,2026-10-06,757.0,C,455,2117,742.03
2026-10-01,QQQ,2026-10-06,760.0,C,663,579,742.03
2026-10-01,QQQ,2026-10-06,770.0,C,2481,195,742.03
2026-10-01,QQQ,2026-10-06,780.0,C,515,295,742.03
2026-10-01,QQQ,2026-10-06,795.0,C,99,684,742.03
2026-10-01,QQQ,2026-10-06,690.0,P,518,60,742.03
2026-10-01,QQQ,2026-10-06,695.0,P,381,734,742.03
2026-10-01,QQQ,2026-10-06,697.0,P,807,16,742.03
2026-10-01,QQQ,2026-10-06,700.0,P,583,200,742.03
2026-10-01,QQQ,2026-10-06,703.0,P,852,11,742.03
2026-10-01,QQQ,2026-10-06,705.0,P,2707,451,742.03
2026-10-01,QQQ,2026-10-06,706.0,P,1464,121,742.03
2026-10-01,QQQ,2026-10-06,707.0,P,652,155,742.03
2026-10-01,QQQ,2026-10-06,709.0,P,620,160,742.03
2026-10-01,QQQ,2026-10-06,710.0,P,714,1267,742.03
2026-10-01,QQQ,2026-10-06,713.0,P,579,86,742.03
2026-10-01,QQQ,2026-10-06,715.0,P,2865,4098,742.03
2026-10-01,QQQ,2026-10-06,720.0,P,855,1962,742.03
2026-10-01,QQQ,2026-10-06,723.0,P,125,860,742.03
2026-10-01,QQQ,2026-10-06,725.0,P,838,915,742.03
2026-10-01,QQQ,2026-10-06,727.0,P,361,869,742.03
2026-10-01,QQQ,2026-10-06,730.0,P,514,1273,742.03
2026-10-01,QQQ,2026-10-06,735.0,P,500,993,742.03
2026-10-01,QQQ,2026-10-06,736.0,P,3932,15488,742.03
2026-10-01,QQQ,2026-10-06,737.0,P,790,589,742.03
2026-10-01,QQQ,2026-10-06,738.0,P,261,2750,742.03
2026-10-01,QQQ,2026-10-06,739.0,P,377,910,742.03
2026-10-01,QQQ,2026-10-06,740.0,P,489,1163,742.03
2026-10-01,QQQ,2026-10-06,741.0,P,139,1366,742.03
2026-10-01,QQQ,2026-10-06,742.0,P,164,1245,742.03
2026-10-01,QQQ,2026-10-06,743.0,P,207,700,742.03
2026-10-01,QQQ,2026-10-07,737.0,C,156,674,742.03
2026-10-01,QQQ,2026-10-07,738.0,C,238,1039,742.03
2026-10-01,QQQ,2026-10-07,739.0,C,162,1121,742.03
2026-10-01,QQQ,2026-10-07,740.0,C,2297,2008,742.03
2026-10-01,QQQ,2026-10-07,741.0,C,120,1266,742.03
2026-10-01,QQQ,2026-10-07,742.0,C,116,819,742.03
2026-10-01,QQQ,2026-10-07,743.0,C,309,631,742.03
2026-10-01,QQQ,2026-10-07,745.0,C,494,1234,742.03
2026-10-01,QQQ,2026-10-07,750.0,C,320,1781,742.03
2026-10-01,QQQ,2026-10-07,752.0,C,1411,1019,742.03
2026-10-01,QQQ,2026-10-07,755.0,C,150,2042,742.03
2026-10-01,QQQ,2026-10-07,760.0,C,1560,580,742.03
2026-10-01,QQQ,2026-10-07,762.0,C,96,1287,742.03
2026-10-01,QQQ,2026-10-07,763.0,C,178,3302,742.03
2026-10-01,QQQ,2026-10-07,765.0,C,632,836,742.03
2026-10-01,QQQ,2026-10-07,770.0,C,706,1202,742.03
2026-10-01,QQQ,2026-10-07,775.0,C,655,159,742.03
2026-10-01,QQQ,2026-10-07,795.0,C,22,1520,742.03
2026-10-01,QQQ,2026-10-07,800.0,C,2685,2048,742.03
2026-10-01,QQQ,2026-10-07,810.0,C,41,720,742.03
2026-10-01,QQQ,2026-10-07,670.0,P,5024,103,742.03
2026-10-01,QQQ,2026-10-07,675.0,P,12593,20,742.03
2026-10-01,QQQ,2026-10-07,680.0,P,700,307,742.03
2026-10-01,QQQ,2026-10-07,690.0,P,140,727,742.03
2026-10-01,QQQ,2026-10-07,704.0,P,63,1016,742.03
2026-10-01,QQQ,2026-10-07,705.0,P,1362,122,742.03
2026-10-01,QQQ,2026-10-07,706.0,P,1182,119,742.03
2026-10-01,QQQ,2026-10-07,711.0,P,534,73,742.03
2026-10-01,QQQ,2026-10-07,715.0,P,1294,168,742.03
2026-10-01,QQQ,2026-10-07,716.0,P,1272,319,742.03
2026-10-01,QQQ,2026-10-07,717.0,P,2916,1449,742.03
2026-10-01,QQQ,2026-10-07,720.0,P,1372,472,742.03
2026-10-01,QQQ,2026-10-07,725.0,P,1382,373,742.03
2026-10-01,QQQ,2026-10-07,730.0,P,614,1550,742.03
2026-10-01,QQQ,2026-10-07,735.0,P,618,1037,742.03
2026-10-01,QQQ,2026-10-07,737.0,P,118,1364,742.03
2026-10-01,QQQ,2026-10-07,740.0,P,538,985,742.03
2026-10-01,QQQ,2026-10-07,742.0,P,191,979,742.03
2026-10-01,QQQ,2026-10-07,743.0,P,165,643,742.03
2026-10-01,QQQ,2026-10-08,729.0,C,19,584,742.03
2026-10-01,QQQ,2026-10-08,734.0,C,30,550,742.03
2026-10-01,QQQ,2026-10-08,735.0,C,332,574,742.03
2026-10-01,QQQ,2026-10-08,737.0,C,70,1052,742.03
2026-10-01,QQQ,2026-10-08,739.0,C,144,967,742.03
2026-10-01,QQQ,2026-10-08,740.0,C,281,3088,742.03
2026-10-01,QQQ,2026-10-08,741.0,C,1031,367,742.03
2026-10-01,QQQ,2026-10-08,742.0,C,40,648,742.03
2026-10-01,QQQ,2026-10-08,743.0,C,464,1161,742.03
2026-10-01,QQQ,2026-10-08,744.0,C,207,715,742.03
2026-10-01,QQQ,2026-10-08,745.0,C,482,660,742.03
2026-10-01,QQQ,2026-10-08,750.0,C,302,756,742.03
2026-10-01,QQQ,2026-10-08,755.0,C,340,521,742.03
2026-10-01,QQQ,2026-10-08,759.0,C,125,1158,742.03
2026-10-01,QQQ,2026-10-08,760.0,C,586,168,742.03
2026-10-01,QQQ,2026-10-08,780.0,C,848,62,742.03
2026-10-01,QQQ,2026-10-08,810.0,C,89,731,742.03
2026-10-01,QQQ,2026-10-08,670.0,P,7,5574,742.03
2026-10-01,QQQ,2026-10-08,675.0,P,202,6036,742.03
2026-10-01,QQQ,2026-10-08,706.0,P,726,18,742.03
2026-10-01,QQQ,2026-10-08,707.0,P,89,595,742.03
2026-10-01,QQQ,2026-10-08,708.0,P,105,1190,742.03
2026-10-01,QQQ,2026-10-08,711.0,P,55,584,742.03
2026-10-01,QQQ,2026-10-08,713.0,P,1162,307,742.03
2026-10-01,QQQ,2026-10-08,716.0,P,662,74,742.03
2026-10-01,QQQ,2026-10-08,717.0,P,651,166,742.03
2026-10-01,QQQ,2026-10-08,718.0,P,76,1218,742.03
2026-10-01,QQQ,2026-10-08,725.0,P,217,1465,742.03
2026-10-01,QQQ,2026-10-08,729.0,P,616,71,742.03
2026-10-01,QQQ,2026-10-08,737.0,P,171,1540,742.03
2026-10-01,QQQ,2026-10-08,739.0,P,82,1564,742.03
2026-10-01,QQQ,2026-10-08,740.0,P,368,1082,742.03
2026-10-01,QQQ,2026-10-08,742.0,P,172,737,742.03
2026-10-01,QQQ,2026-10-08,743.0,P,110,592,742.03
